videoSpout,0,0,1532233714868,1532233714868,0,10.10.21.7
rectificationBolt,0,0,1532233718830,1532233718879,49,10.10.21.7
disparityBoltSub,0,0,1532233718883,1532233720324,1441,10.10.21.7
disparityBolt,0,0,0,0,1441,0
reprojectionBolt,0,0,1532233720327,1532233720428,101,null
overall,0,0,1532233714868,1532233720428,5560,0
videoSpout,1,0,1532233715866,1532233715867,1,10.10.21.7
rectificationBolt,1,0,1532233720429,1532233720466,37,10.10.21.7
disparityBoltSub,1,0,1532233720467,1532233721649,1182,10.10.21.7
disparityBolt,1,0,0,0,1182,0
reprojectionBolt,1,0,1532233721650,1532233721716,66,null
overall,1,0,1532233715866,1532233721716,5850,0
videoSpout,2,0,1532233716868,1532233716877,9,10.10.21.7
rectificationBolt,2,0,1532233721716,1532233721755,39,10.10.21.7
disparityBoltSub,2,0,1532233721756,1532233722876,1120,10.10.21.7
disparityBolt,2,0,0,0,1120,0
reprojectionBolt,2,0,1532233722877,1532233722940,63,null
overall,2,0,1532233716868,1532233722940,6072,0
videoSpout,3,0,1532233717878,1532233717879,1,10.10.21.7
rectificationBolt,3,0,1532233722940,1532233722978,38,10.10.21.7
disparityBoltSub,3,0,1532233722979,1532233724257,1278,10.10.21.7
disparityBolt,3,0,0,0,1278,0
reprojectionBolt,3,0,1532233724259,1532233724326,67,null
overall,3,0,1532233717878,1532233724326,6448,0
videoSpout,4,0,1532233718880,1532233718883,3,10.10.21.7
rectificationBolt,4,0,1532233724326,1532233724365,39,10.10.21.7
disparityBoltSub,4,0,1532233724366,1532233725639,1273,10.10.21.7
disparityBolt,4,0,0,0,1273,0
reprojectionBolt,4,0,1532233725640,1532233725720,80,null
overall,4,0,1532233718880,1532233725720,6840,0
videoSpout,5,0,1532233719883,1532233719885,2,10.10.21.7
rectificationBolt,5,0,1532233725720,1532233725756,36,10.10.21.7
disparityBoltSub,5,0,1532233725757,1532233727002,1245,10.10.21.7
disparityBolt,5,0,0,0,1245,0
reprojectionBolt,5,0,1532233727003,1532233727063,60,null
overall,5,0,1532233719883,1532233727063,7180,0
videoSpout,6,0,1532233720885,1532233720887,2,10.10.21.7
rectificationBolt,6,0,1532233727063,1532233727099,36,10.10.21.7
disparityBoltSub,6,0,1532233727100,1532233728294,1194,10.10.21.7
disparityBolt,6,0,0,0,1194,0
reprojectionBolt,6,0,1532233728295,1532233728358,63,null
overall,6,0,1532233720885,1532233728358,7473,0
videoSpout,7,0,1532233721887,1532233721889,2,10.10.21.7
rectificationBolt,7,0,1532233728359,1532233728396,37,10.10.21.7
disparityBoltSub,7,0,1532233728397,1532233729615,1218,10.10.21.7
disparityBolt,7,0,0,0,1218,0
reprojectionBolt,7,0,1532233729617,1532233729681,64,null
overall,7,0,1532233721887,1532233729681,7794,0
videoSpout,8,0,1532233722889,1532233722891,2,10.10.21.7
rectificationBolt,8,0,1532233729682,1532233729724,42,10.10.21.7
disparityBoltSub,8,0,1532233729725,1532233730951,1226,10.10.21.7
disparityBolt,8,0,0,0,1226,0
reprojectionBolt,8,0,1532233730952,1532233731018,66,null
overall,8,0,1532233722889,1532233731018,8129,0
videoSpout,9,0,1532233723891,1532233723893,2,10.10.21.7
rectificationBolt,9,0,1532233731018,1532233731059,41,10.10.21.7
disparityBoltSub,9,0,1532233731060,1532233732314,1254,10.10.21.7
disparityBolt,9,0,0,0,1254,0
reprojectionBolt,9,0,1532233732314,1532233732389,75,null
overall,9,0,1532233723891,1532233732389,8498,0
videoSpout,10,0,1532233724893,1532233724895,2,10.10.21.7
rectificationBolt,10,0,1532233732389,1532233732433,44,10.10.21.7
disparityBoltSub,10,0,1532233732434,1532233733610,1176,10.10.21.7
disparityBolt,10,0,0,0,1176,0
reprojectionBolt,10,0,1532233733611,1532233733673,62,null
overall,10,0,1532233724893,1532233733673,8780,0
videoSpout,11,0,1532233725895,1532233725896,1,10.10.21.7
rectificationBolt,11,0,1532233733674,1532233733712,38,10.10.21.7
disparityBoltSub,11,0,1532233733713,1532233734872,1159,10.10.21.7
disparityBolt,11,0,0,0,1159,0
reprojectionBolt,11,0,1532233734873,1532233734934,61,null
overall,11,0,1532233725895,1532233734934,9039,0
videoSpout,12,0,1532233726896,1532233726898,2,10.10.21.7
rectificationBolt,12,0,1532233734935,1532233734977,42,10.10.21.7
disparityBoltSub,12,0,1532233734978,1532233735978,1000,10.10.21.7
disparityBolt,12,0,0,0,1000,0
reprojectionBolt,12,0,1532233735979,1532233736038,59,null
overall,12,0,1532233726896,1532233736038,9142,0
videoSpout,13,0,1532233727899,1532233727900,1,10.10.21.7
rectificationBolt,13,0,1532233736038,1532233736070,32,10.10.21.7
disparityBoltSub,13,0,1532233736071,1532233737157,1086,10.10.21.7
disparityBolt,13,0,0,0,1086,0
reprojectionBolt,13,0,1532233737158,1532233737218,60,null
overall,13,0,1532233727899,1532233737218,9319,0
videoSpout,14,0,1532233728900,1532233728901,1,10.10.21.7
rectificationBolt,14,0,1532233737218,1532233737253,35,10.10.21.7
disparityBoltSub,14,0,1532233737253,1532233738496,1243,10.10.21.7
disparityBolt,14,0,0,0,1243,0
reprojectionBolt,14,0,1532233738497,1532233738561,64,null
overall,14,0,1532233728900,1532233738561,9661,0
videoSpout,15,0,1532233729901,1532233729902,1,10.10.21.7
rectificationBolt,15,0,1532233738562,1532233738600,38,10.10.21.7
disparityBoltSub,15,0,1532233738601,1532233739931,1330,10.10.21.7
disparityBolt,15,0,0,0,1330,0
reprojectionBolt,15,0,1532233739932,1532233739994,62,null
overall,15,0,1532233729901,1532233739994,10093,0
videoSpout,16,0,1532233730902,1532233730903,1,10.10.21.7
rectificationBolt,16,0,1532233739994,1532233740036,42,10.10.21.7
disparityBoltSub,16,0,1532233740037,1532233741235,1198,10.10.21.7
disparityBolt,16,0,0,0,1198,0
reprojectionBolt,16,0,1532233741236,1532233741297,61,null
overall,16,0,1532233730902,1532233741297,10395,0
videoSpout,17,0,1532233731904,1532233731905,1,10.10.21.7
rectificationBolt,17,0,1532233741298,1532233741331,33,10.10.21.7
disparityBoltSub,17,0,1532233741331,1532233742350,1019,10.10.21.7
disparityBolt,17,0,0,0,1019,0
reprojectionBolt,17,0,1532233742351,1532233742410,59,null
overall,17,0,1532233731904,1532233742410,10506,0
videoSpout,18,0,1532233732906,1532233732907,1,10.10.21.7
rectificationBolt,18,0,1532233742410,1532233742447,37,10.10.21.7
disparityBoltSub,18,0,1532233742448,1532233743477,1029,10.10.21.7
disparityBolt,18,0,0,0,1029,0
reprojectionBolt,18,0,1532233743477,1532233743537,60,null
overall,18,0,1532233732906,1532233743537,10631,0
videoSpout,19,0,1532233733907,1532233733908,1,10.10.21.7
rectificationBolt,19,0,1532233743538,1532233743570,32,10.10.21.7
disparityBoltSub,19,0,1532233743570,1532233744595,1025,10.10.21.7
disparityBolt,19,0,0,0,1025,0
reprojectionBolt,19,0,1532233744597,1532233744657,60,null
overall,19,0,1532233733907,1532233744657,10750,0
videoSpout,20,0,1532233734908,1532233734909,1,10.10.21.7
rectificationBolt,20,0,1532233744658,1532233744693,35,10.10.21.7
disparityBoltSub,20,0,1532233744694,1532233745949,1255,10.10.21.7
disparityBolt,20,0,0,0,1255,0
reprojectionBolt,20,0,1532233745950,1532233746011,61,null
overall,20,0,1532233734908,1532233746011,11103,0
videoSpout,21,0,1532233735910,1532233735910,0,10.10.21.7
rectificationBolt,21,0,1532233746011,1532233746048,37,10.10.21.7
disparityBoltSub,21,0,1532233746049,1532233747332,1283,10.10.21.7
disparityBolt,21,0,0,0,1283,0
reprojectionBolt,21,0,1532233747333,1532233747410,77,null
overall,21,0,1532233735910,1532233747410,11500,0
videoSpout,22,0,1532233736911,1532233736912,1,10.10.21.7
rectificationBolt,22,0,1532233747410,1532233747447,37,10.10.21.7
disparityBoltSub,22,0,1532233747447,1532233748734,1287,10.10.21.7
disparityBolt,22,0,0,0,1287,0
reprojectionBolt,22,0,1532233748735,1532233748798,63,null
overall,22,0,1532233736911,1532233748798,11887,0
videoSpout,23,0,1532233737913,1532233737914,1,10.10.21.7
rectificationBolt,23,0,1532233748798,1532233748836,38,10.10.21.7
disparityBoltSub,23,0,1532233748837,1532233750036,1199,10.10.21.7
disparityBolt,23,0,0,0,1199,0
reprojectionBolt,23,0,1532233750036,1532233750093,57,null
overall,23,0,1532233737913,1532233750093,12180,0
videoSpout,24,0,1532233738914,1532233738915,1,10.10.21.7
rectificationBolt,24,0,1532233750093,1532233750130,37,10.10.21.7
disparityBoltSub,24,0,1532233750131,1532233751236,1105,10.10.21.7
disparityBolt,24,0,0,0,1105,0
reprojectionBolt,24,0,1532233751236,1532233751276,40,null
overall,24,0,1532233738914,1532233751276,12362,0
videoSpout,25,0,1532233739930,1532233739931,1,10.10.21.7
rectificationBolt,25,0,1532233751278,1532233751309,31,10.10.21.7
disparityBoltSub,25,0,1532233751309,1532233752136,827,10.10.21.7
disparityBolt,25,0,0,0,827,0
reprojectionBolt,25,0,1532233752137,1532233752165,28,null
overall,25,0,1532233739930,1532233752165,12235,0
videoSpout,26,0,1532233740932,1532233740932,0,10.10.21.7
rectificationBolt,26,0,1532233752165,1532233752189,24,10.10.21.7
disparityBoltSub,26,0,1532233752190,1532233753363,1173,10.10.21.7
disparityBolt,26,0,0,0,1173,0
reprojectionBolt,26,0,1532233753364,1532233753426,62,null
overall,26,0,1532233740932,1532233753426,12494,0
videoSpout,27,0,1532233741933,1532233741934,1,10.10.21.7
rectificationBolt,27,0,1532233753426,1532233753462,36,10.10.21.7
disparityBoltSub,27,0,1532233753463,1532233754682,1219,10.10.21.7
disparityBolt,27,0,0,0,1219,0
reprojectionBolt,27,0,1532233754683,1532233754747,64,null
overall,27,0,1532233741933,1532233754747,12814,0
videoSpout,28,0,1532233742935,1532233742935,0,10.10.21.7
rectificationBolt,28,0,1532233754747,1532233754791,44,10.10.21.7
disparityBoltSub,28,0,1532233754792,1532233755892,1100,10.10.21.7
disparityBolt,28,0,0,0,1100,0
reprojectionBolt,28,0,1532233755893,1532233755955,62,null
overall,28,0,1532233742935,1532233755955,13020,0
videoSpout,29,0,1532233743936,1532233743937,1,10.10.21.7
rectificationBolt,29,0,1532233755956,1532233755995,39,10.10.21.7
disparityBoltSub,29,0,1532233755996,1532233757017,1021,10.10.21.7
disparityBolt,29,0,0,0,1021,0
reprojectionBolt,29,0,1532233757018,1532233757081,63,null
overall,29,0,1532233743936,1532233757081,13145,0
videoSpout,30,0,1532233744938,1532233744938,0,10.10.21.7
rectificationBolt,30,0,1532233757082,1532233757130,48,10.10.21.7
disparityBoltSub,30,0,1532233757130,1532233758498,1368,10.10.21.7
disparityBolt,30,0,0,0,1368,0
reprojectionBolt,30,0,1532233758498,1532233758560,62,null
overall,30,0,1532233744938,1532233758560,13622,0
videoSpout,31,0,1532233745939,1532233745939,0,10.10.21.7
rectificationBolt,31,0,1532233758560,1532233758598,38,10.10.21.7
disparityBoltSub,31,0,1532233758598,1532233759789,1191,10.10.21.7
disparityBolt,31,0,0,0,1191,0
reprojectionBolt,31,0,1532233759790,1532233759852,62,null
overall,31,0,1532233745939,1532233759852,13913,0
videoSpout,32,0,1532233746940,1532233746940,0,10.10.21.7
rectificationBolt,32,0,1532233759852,1532233759888,36,10.10.21.7
disparityBoltSub,32,0,1532233759889,1532233760999,1110,10.10.21.7
disparityBolt,32,0,0,0,1110,0
reprojectionBolt,32,0,1532233761000,1532233761071,71,null
overall,32,0,1532233746940,1532233761071,14131,0
videoSpout,33,0,1532233747942,1532233747943,1,10.10.21.7
rectificationBolt,33,0,1532233761071,1532233761106,35,10.10.21.7
disparityBoltSub,33,0,1532233761107,1532233762245,1138,10.10.21.7
disparityBolt,33,0,0,0,1138,0
reprojectionBolt,33,0,1532233762246,1532233762307,61,null
overall,33,0,1532233747942,1532233762307,14365,0
videoSpout,34,0,1532233748942,1532233748943,1,10.10.21.7
rectificationBolt,34,0,1532233762307,1532233762348,41,10.10.21.7
disparityBoltSub,34,0,1532233762349,1532233763581,1232,10.10.21.7
disparityBolt,34,0,0,0,1232,0
reprojectionBolt,34,0,1532233763582,1532233763643,61,null
overall,34,0,1532233748942,1532233763643,14701,0
videoSpout,35,0,1532233749943,1532233749944,1,10.10.21.7
rectificationBolt,35,0,1532233763643,1532233763683,40,10.10.21.7
disparityBoltSub,35,0,1532233763684,1532233765010,1326,10.10.21.7
disparityBolt,35,0,0,0,1326,0
reprojectionBolt,35,0,1532233765010,1532233765083,73,null
overall,35,0,1532233749943,1532233765083,15140,0
videoSpout,36,0,1532233750944,1532233750945,1,10.10.21.7
rectificationBolt,36,0,1532233765083,1532233765123,40,10.10.21.7
disparityBoltSub,36,0,1532233765124,1532233766352,1228,10.10.21.7
disparityBolt,36,0,0,0,1228,0
reprojectionBolt,36,0,1532233766353,1532233766414,61,null
overall,36,0,1532233750944,1532233766414,15470,0
videoSpout,37,0,1532233751945,1532233751946,1,10.10.21.7
rectificationBolt,37,0,1532233766414,1532233766453,39,10.10.21.7
disparityBoltSub,37,0,1532233766454,1532233767669,1215,10.10.21.7
disparityBolt,37,0,0,0,1215,0
reprojectionBolt,37,0,1532233767669,1532233767731,62,null
overall,37,0,1532233751945,1532233767731,15786,0
videoSpout,38,0,1532233752947,1532233752948,1,10.10.21.7
rectificationBolt,38,0,1532233767732,1532233767769,37,10.10.21.7
disparityBoltSub,38,0,1532233767769,1532233769032,1263,10.10.21.7
disparityBolt,38,0,0,0,1263,0
reprojectionBolt,38,0,1532233769032,1532233769104,72,null
overall,38,0,1532233752947,1532233769104,16157,0
videoSpout,39,0,1532233753948,1532233753949,1,10.10.21.7
rectificationBolt,39,0,1532233769104,1532233769143,39,10.10.21.7
disparityBoltSub,39,0,1532233769144,1532233770320,1176,10.10.21.7
disparityBolt,39,0,0,0,1176,0
reprojectionBolt,39,0,1532233770320,1532233770383,63,null
overall,39,0,1532233753948,1532233770383,16435,0
videoSpout,40,0,1532233754950,1532233754950,0,10.10.21.7
rectificationBolt,40,0,1532233770384,1532233770424,40,10.10.21.7
disparityBoltSub,40,0,1532233770424,1532233771547,1123,10.10.21.7
disparityBolt,40,0,0,0,1123,0
reprojectionBolt,40,0,1532233771548,1532233771609,61,null
overall,40,0,1532233754950,1532233771609,16659,0
videoSpout,41,0,1532233755951,1532233755953,2,10.10.21.7
rectificationBolt,41,0,1532233771610,1532233771649,39,10.10.21.7
disparityBoltSub,41,0,1532233771650,1532233772843,1193,10.10.21.7
disparityBolt,41,0,0,0,1193,0
reprojectionBolt,41,0,1532233772844,1532233772913,69,null
overall,41,0,1532233755951,1532233772913,16962,0
videoSpout,42,0,1532233756953,1532233756954,1,10.10.21.7
rectificationBolt,42,0,1532233772914,1532233772950,36,10.10.21.7
disparityBoltSub,42,0,1532233772950,1532233774039,1089,10.10.21.7
disparityBolt,42,0,0,0,1089,0
reprojectionBolt,42,0,1532233774040,1532233774103,63,null
overall,42,0,1532233756953,1532233774103,17150,0
videoSpout,43,0,1532233757955,1532233757956,1,10.10.21.7
rectificationBolt,43,0,1532233774104,1532233774143,39,10.10.21.7
disparityBoltSub,43,0,1532233774143,1532233775245,1102,10.10.21.7
disparityBolt,43,0,0,0,1102,0
reprojectionBolt,43,0,1532233775245,1532233775308,63,null
overall,43,0,1532233757955,1532233775308,17353,0
videoSpout,44,0,1532233758956,1532233758957,1,10.10.21.7
rectificationBolt,44,0,1532233775309,1532233775346,37,10.10.21.7
disparityBoltSub,44,0,1532233775347,1532233776447,1100,10.10.21.7
disparityBolt,44,0,0,0,1100,0
reprojectionBolt,44,0,1532233776447,1532233776520,73,null
overall,44,0,1532233758956,1532233776520,17564,0
videoSpout,45,0,1532233759957,1532233759958,1,10.10.21.7
rectificationBolt,45,0,1532233776520,1532233776565,45,10.10.21.7
disparityBoltSub,45,0,1532233776565,1532233777758,1193,10.10.21.7
disparityBolt,45,0,0,0,1193,0
reprojectionBolt,45,0,1532233777759,1532233777823,64,null
overall,45,0,1532233759957,1532233777823,17866,0
videoSpout,46,0,1532233760958,1532233760959,1,10.10.21.7
rectificationBolt,46,0,1532233777823,1532233777864,41,10.10.21.7
disparityBoltSub,46,0,1532233777864,1532233779078,1214,10.10.21.7
disparityBolt,46,0,0,0,1214,0
reprojectionBolt,46,0,1532233779078,1532233779139,61,null
overall,46,0,1532233760958,1532233779139,18181,0
videoSpout,47,0,1532233761959,1532233761960,1,10.10.21.7
rectificationBolt,47,0,1532233779139,1532233779178,39,10.10.21.7
disparityBoltSub,47,0,1532233779179,1532233780330,1151,10.10.21.7
disparityBolt,47,0,0,0,1151,0
reprojectionBolt,47,0,1532233780331,1532233780408,77,null
overall,47,0,1532233761959,1532233780408,18449,0
videoSpout,48,0,1532233762961,1532233762961,0,10.10.21.7
rectificationBolt,48,0,1532233780408,1532233780447,39,10.10.21.7
disparityBoltSub,48,0,1532233780448,1532233781599,1151,10.10.21.7
disparityBolt,48,0,0,0,1151,0
reprojectionBolt,48,0,1532233781600,1532233781660,60,null
overall,48,0,1532233762961,1532233781660,18699,0
videoSpout,49,0,1532233763962,1532233763962,0,10.10.21.7
rectificationBolt,49,0,1532233781660,1532233781697,37,10.10.21.7
disparityBoltSub,49,0,1532233781697,1532233782890,1193,10.10.21.7
disparityBolt,49,0,0,0,1193,0
reprojectionBolt,49,0,1532233782891,1532233782949,58,null
overall,49,0,1532233763962,1532233782949,18987,0
videoSpout,50,0,1532233764962,1532233764963,1,10.10.21.7
rectificationBolt,50,0,1532233782949,1532233782987,38,10.10.21.7
disparityBoltSub,50,0,1532233782988,1532233784222,1234,10.10.21.7
disparityBolt,50,0,0,0,1234,0
reprojectionBolt,50,0,1532233784222,1532233784295,73,null
overall,50,0,1532233764962,1532233784295,19333,0
videoSpout,51,0,1532233765964,1532233765964,0,10.10.21.7
rectificationBolt,51,0,1532233784295,1532233784336,41,10.10.21.7
disparityBoltSub,51,0,1532233784337,1532233785485,1148,10.10.21.7
disparityBolt,51,0,0,0,1148,0
reprojectionBolt,51,0,1532233785486,1532233785545,59,null
overall,51,0,1532233765964,1532233785545,19581,0
videoSpout,52,0,1532233766965,1532233766965,0,10.10.21.7
rectificationBolt,52,0,1532233785545,1532233785579,34,10.10.21.7
disparityBoltSub,52,0,1532233785580,1532233786566,986,10.10.21.7
disparityBolt,52,0,0,0,986,0
reprojectionBolt,52,0,1532233786567,1532233786629,62,null
overall,52,0,1532233766965,1532233786629,19664,0
videoSpout,53,0,1532233767966,1532233767967,1,10.10.21.7
rectificationBolt,53,0,1532233786629,1532233786665,36,10.10.21.7
disparityBoltSub,53,0,1532233786666,1532233787652,986,10.10.21.7
disparityBolt,53,0,0,0,986,0
reprojectionBolt,53,0,1532233787652,1532233787713,61,null
overall,53,0,1532233767966,1532233787713,19747,0
videoSpout,54,0,1532233768967,1532233768967,0,10.10.21.7
rectificationBolt,54,0,1532233787713,1532233787768,55,10.10.21.7
disparityBoltSub,54,0,1532233787769,1532233788939,1170,10.10.21.7
disparityBolt,54,0,0,0,1170,0
reprojectionBolt,54,0,1532233788940,1532233788999,59,null
overall,54,0,1532233768967,1532233788999,20032,0
videoSpout,55,0,1532233769968,1532233769968,0,10.10.21.7
rectificationBolt,55,0,1532233788999,1532233789034,35,10.10.21.7
disparityBoltSub,55,0,1532233789035,1532233790131,1096,10.10.21.7
disparityBolt,55,0,0,0,1096,0
reprojectionBolt,55,0,1532233790131,1532233790192,61,null
overall,55,0,1532233769968,1532233790192,20224,0
videoSpout,56,0,1532233770968,1532233770969,1,10.10.21.7
rectificationBolt,56,0,1532233790192,1532233790229,37,10.10.21.7
disparityBoltSub,56,0,1532233790230,1532233791303,1073,10.10.21.7
disparityBolt,56,0,0,0,1073,0
reprojectionBolt,56,0,1532233791304,1532233791363,59,null
overall,56,0,1532233770968,1532233791363,20395,0
videoSpout,57,0,1532233771969,1532233771970,1,10.10.21.7
rectificationBolt,57,0,1532233791363,1532233791399,36,10.10.21.7
disparityBoltSub,57,0,1532233791399,1532233792414,1015,10.10.21.7
disparityBolt,57,0,0,0,1015,0
reprojectionBolt,57,0,1532233792414,1532233792475,61,null
overall,57,0,1532233771969,1532233792475,20506,0
videoSpout,58,0,1532233772971,1532233772972,1,10.10.21.7
rectificationBolt,58,0,1532233792475,1532233792512,37,10.10.21.7
disparityBoltSub,58,0,1532233792512,1532233793572,1060,10.10.21.7
disparityBolt,58,0,0,0,1060,0
reprojectionBolt,58,0,1532233793572,1532233793634,62,null
overall,58,0,1532233772971,1532233793634,20663,0
videoSpout,59,0,1532233773972,1532233773973,1,10.10.21.7
rectificationBolt,59,0,1532233793634,1532233793670,36,10.10.21.7
disparityBoltSub,59,0,1532233793671,1532233794716,1045,10.10.21.7
disparityBolt,59,0,0,0,1045,0
reprojectionBolt,59,0,1532233794717,1532233794777,60,null
overall,59,0,1532233773972,1532233794777,20805,0
videoSpout,60,0,1532233774973,1532233774974,1,10.10.21.7
rectificationBolt,60,0,1532233794777,1532233794812,35,10.10.21.7
disparityBoltSub,60,0,1532233794813,1532233796033,1220,10.10.21.7
disparityBolt,60,0,0,0,1220,0
reprojectionBolt,60,0,1532233796034,1532233796121,87,null
overall,60,0,1532233774973,1532233796121,21148,0
videoSpout,61,0,1532233775974,1532233775975,1,10.10.21.7
rectificationBolt,61,0,1532233796121,1532233796158,37,10.10.21.7
disparityBoltSub,61,0,1532233796158,1532233797392,1234,10.10.21.7
disparityBolt,61,0,0,0,1234,0
reprojectionBolt,61,0,1532233797392,1532233797453,61,null
overall,61,0,1532233775974,1532233797453,21479,0
videoSpout,62,0,1532233776975,1532233776976,1,10.10.21.7
rectificationBolt,62,0,1532233797453,1532233797492,39,10.10.21.7
disparityBoltSub,62,0,1532233797492,1532233798712,1220,10.10.21.7
disparityBolt,62,0,0,0,1220,0
reprojectionBolt,62,0,1532233798713,1532233798776,63,null
overall,62,0,1532233776975,1532233798776,21801,0
videoSpout,63,0,1532233777977,1532233777977,0,10.10.21.7
rectificationBolt,63,0,1532233798776,1532233798814,38,10.10.21.7
disparityBoltSub,63,0,1532233798814,1532233799919,1105,10.10.21.7
disparityBolt,63,0,0,0,1105,0
reprojectionBolt,63,0,1532233799919,1532233800007,88,null
overall,63,0,1532233777977,1532233800007,22030,0
videoSpout,64,0,1532233778978,1532233778978,0,10.10.21.7
rectificationBolt,64,0,1532233800007,1532233800042,35,10.10.21.7
disparityBoltSub,64,0,1532233800042,1532233801132,1090,10.10.21.7
disparityBolt,64,0,0,0,1090,0
reprojectionBolt,64,0,1532233801133,1532233801192,59,null
overall,64,0,1532233778978,1532233801192,22214,0
videoSpout,65,0,1532233779978,1532233779980,2,10.10.21.7
rectificationBolt,65,0,1532233801192,1532233801228,36,10.10.21.7
disparityBoltSub,65,0,1532233801228,1532233802282,1054,10.10.21.7
disparityBolt,65,0,0,0,1054,0
reprojectionBolt,65,0,1532233802283,1532233802344,61,null
overall,65,0,1532233779978,1532233802344,22366,0
videoSpout,66,0,1532233780980,1532233780981,1,10.10.21.7
rectificationBolt,66,0,1532233802344,1532233802380,36,10.10.21.7
disparityBoltSub,66,0,1532233802381,1532233803527,1146,10.10.21.7
disparityBolt,66,0,0,0,1146,0
reprojectionBolt,66,0,1532233803528,1532233803588,60,null
overall,66,0,1532233780980,1532233803588,22608,0
videoSpout,67,0,1532233781981,1532233781982,1,10.10.21.7
rectificationBolt,67,0,1532233803588,1532233803635,47,10.10.21.7
disparityBoltSub,67,0,1532233803636,1532233804735,1099,10.10.21.7
disparityBolt,67,0,0,0,1099,0
reprojectionBolt,67,0,1532233804736,1532233804794,58,null
overall,67,0,1532233781981,1532233804794,22813,0
videoSpout,68,0,1532233782983,1532233782984,1,10.10.21.7
rectificationBolt,68,0,1532233804794,1532233804824,30,10.10.21.7
disparityBoltSub,68,0,1532233804825,1532233805953,1128,10.10.21.7
disparityBolt,68,0,0,0,1128,0
reprojectionBolt,68,0,1532233805953,1532233806017,64,null
overall,68,0,1532233782983,1532233806017,23034,0
videoSpout,69,0,1532233783984,1532233783984,0,10.10.21.7
rectificationBolt,69,0,1532233806017,1532233806055,38,10.10.21.7
disparityBoltSub,69,0,1532233806056,1532233807192,1136,10.10.21.7
disparityBolt,69,0,0,0,1136,0
reprojectionBolt,69,0,1532233807192,1532233807253,61,null
overall,69,0,1532233783984,1532233807253,23269,0
videoSpout,70,0,1532233784985,1532233784985,0,10.10.21.7
rectificationBolt,70,0,1532233807253,1532233807287,34,10.10.21.7
disparityBoltSub,70,0,1532233807287,1532233808454,1167,10.10.21.7
disparityBolt,70,0,0,0,1167,0
reprojectionBolt,70,0,1532233808455,1532233808527,72,null
overall,70,0,1532233784985,1532233808527,23542,0
videoSpout,71,0,1532233785986,1532233785986,0,10.10.21.7
rectificationBolt,71,0,1532233808527,1532233808565,38,10.10.21.7
disparityBoltSub,71,0,1532233808566,1532233809723,1157,10.10.21.7
disparityBolt,71,0,0,0,1157,0
reprojectionBolt,71,0,1532233809723,1532233809784,61,null
overall,71,0,1532233785986,1532233809784,23798,0
videoSpout,72,0,1532233786986,1532233786987,1,10.10.21.7
rectificationBolt,72,0,1532233809784,1532233809818,34,10.10.21.7
disparityBoltSub,72,0,1532233809818,1532233811117,1299,10.10.21.7
disparityBolt,72,0,0,0,1299,0
reprojectionBolt,72,0,1532233811118,1532233811179,61,null
overall,72,0,1532233786986,1532233811179,24193,0
videoSpout,73,0,1532233787988,1532233787989,1,10.10.21.7
rectificationBolt,73,0,1532233811179,1532233811219,40,10.10.21.7
disparityBoltSub,73,0,1532233811220,1532233812484,1264,10.10.21.7
disparityBolt,73,0,0,0,1264,0
reprojectionBolt,73,0,1532233812485,1532233812548,63,null
overall,73,0,1532233787988,1532233812548,24560,0
videoSpout,74,0,1532233788989,1532233788989,0,10.10.21.7
rectificationBolt,74,0,1532233812548,1532233812606,58,10.10.21.7
disparityBoltSub,74,0,1532233812606,1532233813828,1222,10.10.21.7
disparityBolt,74,0,0,0,1222,0
reprojectionBolt,74,0,1532233813828,1532233813894,66,null
overall,74,0,1532233788989,1532233813894,24905,0
videoSpout,75,0,1532233789990,1532233789990,0,10.10.21.7
rectificationBolt,75,0,1532233813894,1532233813935,41,10.10.21.7
disparityBoltSub,75,0,1532233813935,1532233815035,1100,10.10.21.7
disparityBolt,75,0,0,0,1100,0
reprojectionBolt,75,0,1532233815035,1532233815094,59,null
overall,75,0,1532233789990,1532233815094,25104,0
videoSpout,76,0,1532233790990,1532233790991,1,10.10.21.7
rectificationBolt,76,0,1532233815094,1532233815127,33,10.10.21.7
disparityBoltSub,76,0,1532233815128,1532233816197,1069,10.10.21.7
disparityBolt,76,0,0,0,1069,0
reprojectionBolt,76,0,1532233816198,1532233816258,60,null
overall,76,0,1532233790990,1532233816258,25268,0
videoSpout,77,0,1532233791991,1532233791992,1,10.10.21.7
rectificationBolt,77,0,1532233816258,1532233816292,34,10.10.21.7
disparityBoltSub,77,0,1532233816292,1532233817316,1024,10.10.21.7
disparityBolt,77,0,0,0,1024,0
reprojectionBolt,77,0,1532233817316,1532233817377,61,null
overall,77,0,1532233791991,1532233817377,25386,0
videoSpout,78,0,1532233792993,1532233792994,1,10.10.21.7
rectificationBolt,78,0,1532233817378,1532233817412,34,10.10.21.7
disparityBoltSub,78,0,1532233817413,1532233818496,1083,10.10.21.7
disparityBolt,78,0,0,0,1083,0
reprojectionBolt,78,0,1532233818497,1532233818559,62,null
overall,78,0,1532233792993,1532233818559,25566,0
videoSpout,79,0,1532233793994,1532233793995,1,10.10.21.7
rectificationBolt,79,0,1532233818559,1532233818600,41,10.10.21.7
disparityBoltSub,79,0,1532233818601,1532233819740,1139,10.10.21.7
disparityBolt,79,0,0,0,1139,0
reprojectionBolt,79,0,1532233819740,1532233819798,58,null
overall,79,0,1532233793994,1532233819798,25804,0
videoSpout,80,0,1532233794995,1532233794995,0,10.10.21.7
rectificationBolt,80,0,1532233819798,1532233819831,33,10.10.21.7
disparityBoltSub,80,0,1532233819831,1532233820908,1077,10.10.21.7
disparityBolt,80,0,0,0,1077,0
reprojectionBolt,80,0,1532233820908,1532233820976,68,null
overall,80,0,1532233794995,1532233820976,25981,0
videoSpout,81,0,1532233795995,1532233795996,1,10.10.21.7
rectificationBolt,81,0,1532233820976,1532233821011,35,10.10.21.7
disparityBoltSub,81,0,1532233821011,1532233822147,1136,10.10.21.7
disparityBolt,81,0,0,0,1136,0
reprojectionBolt,81,0,1532233822147,1532233822208,61,null
overall,81,0,1532233795995,1532233822208,26213,0
videoSpout,82,0,1532233796996,1532233796997,1,10.10.21.7
rectificationBolt,82,0,1532233822208,1532233822243,35,10.10.21.7
disparityBoltSub,82,0,1532233822244,1532233823472,1228,10.10.21.7
disparityBolt,82,0,0,0,1228,0
reprojectionBolt,82,0,1532233823473,1532233823535,62,null
overall,82,0,1532233796996,1532233823535,26539,0
videoSpout,83,0,1532233797998,1532233797999,1,10.10.21.7
rectificationBolt,83,0,1532233823535,1532233823572,37,10.10.21.7
disparityBoltSub,83,0,1532233823572,1532233824737,1165,10.10.21.7
disparityBolt,83,0,0,0,1165,0
reprojectionBolt,83,0,1532233824738,1532233824812,74,null
overall,83,0,1532233797998,1532233824812,26814,0
videoSpout,84,0,1532233798999,1532233798999,0,10.10.21.7
rectificationBolt,84,0,1532233824812,1532233824851,39,10.10.21.7
disparityBoltSub,84,0,1532233824852,1532233826015,1163,10.10.21.7
disparityBolt,84,0,0,0,1163,0
reprojectionBolt,84,0,1532233826016,1532233826076,60,null
overall,84,0,1532233798999,1532233826076,27077,0
videoSpout,85,0,1532233800000,1532233800000,0,10.10.21.7
rectificationBolt,85,0,1532233826076,1532233826113,37,10.10.21.7
disparityBoltSub,85,0,1532233826114,1532233827222,1108,10.10.21.7
disparityBolt,85,0,0,0,1108,0
reprojectionBolt,85,0,1532233827222,1532233827285,63,null
overall,85,0,1532233800000,1532233827285,27285,0
videoSpout,86,0,1532233801000,1532233801001,1,10.10.21.7
rectificationBolt,86,0,1532233827285,1532233827326,41,10.10.21.7
disparityBoltSub,86,0,1532233827327,1532233828496,1169,10.10.21.7
disparityBolt,86,0,0,0,1169,0
reprojectionBolt,86,0,1532233828496,1532233828565,69,null
overall,86,0,1532233801000,1532233828565,27565,0
videoSpout,87,0,1532233802001,1532233802002,1,10.10.21.7
rectificationBolt,87,0,1532233828565,1532233828598,33,10.10.21.7
disparityBoltSub,87,0,1532233828599,1532233829792,1193,10.10.21.7
disparityBolt,87,0,0,0,1193,0
reprojectionBolt,87,0,1532233829793,1532233829850,57,null
overall,87,0,1532233802001,1532233829850,27849,0
videoSpout,88,0,1532233803003,1532233803003,0,10.10.21.7
rectificationBolt,88,0,1532233829850,1532233829885,35,10.10.21.7
disparityBoltSub,88,0,1532233829885,1532233830938,1053,10.10.21.7
disparityBolt,88,0,0,0,1053,0
reprojectionBolt,88,0,1532233830938,1532233830997,59,null
overall,88,0,1532233803003,1532233830997,27994,0
videoSpout,89,0,1532233804003,1532233804004,1,10.10.21.7
rectificationBolt,89,0,1532233830997,1532233831031,34,10.10.21.7
disparityBoltSub,89,0,1532233831032,1532233832016,984,10.10.21.7
disparityBolt,89,0,0,0,984,0
reprojectionBolt,89,0,1532233832017,1532233832085,68,null
overall,89,0,1532233804003,1532233832085,28082,0
videoSpout,90,0,1532233805004,1532233805005,1,10.10.21.7
rectificationBolt,90,0,1532233832085,1532233832119,34,10.10.21.7
disparityBoltSub,90,0,1532233832119,1532233833257,1138,10.10.21.7
disparityBolt,90,0,0,0,1138,0
reprojectionBolt,90,0,1532233833258,1532233833318,60,null
overall,90,0,1532233805004,1532233833318,28314,0
videoSpout,91,0,1532233806005,1532233806005,0,10.10.21.7
rectificationBolt,91,0,1532233833318,1532233833350,32,10.10.21.7
disparityBoltSub,91,0,1532233833350,1532233834148,798,10.10.21.7
disparityBolt,91,0,0,0,798,0
reprojectionBolt,91,0,1532233834148,1532233834206,58,null
overall,91,0,1532233806005,1532233834206,28201,0
videoSpout,92,0,1532233807006,1532233807006,0,10.10.21.7
rectificationBolt,92,0,1532233834206,1532233834236,30,10.10.21.7
disparityBoltSub,92,0,1532233834237,1532233835172,935,10.10.21.7
disparityBolt,92,0,0,0,935,0
reprojectionBolt,92,0,1532233835173,1532233835245,72,null
overall,92,0,1532233807006,1532233835245,28239,0
videoSpout,93,0,1532233808007,1532233808008,1,10.10.21.7
rectificationBolt,93,0,1532233835245,1532233835276,31,10.10.21.7
disparityBoltSub,93,0,1532233835276,1532233836344,1068,10.10.21.7
disparityBolt,93,0,0,0,1068,0
reprojectionBolt,93,0,1532233836345,1532233836410,65,null
overall,93,0,1532233808007,1532233836410,28403,0
videoSpout,94,0,1532233809008,1532233809008,0,10.10.21.7
rectificationBolt,94,0,1532233836410,1532233836447,37,10.10.21.7
disparityBoltSub,94,0,1532233836447,1532233837633,1186,10.10.21.7
disparityBolt,94,0,0,0,1186,0
reprojectionBolt,94,0,1532233837634,1532233837696,62,null
overall,94,0,1532233809008,1532233837696,28688,0
videoSpout,95,0,1532233810009,1532233810009,0,10.10.21.7
rectificationBolt,95,0,1532233837696,1532233837733,37,10.10.21.7
disparityBoltSub,95,0,1532233837734,1532233838959,1225,10.10.21.7
disparityBolt,95,0,0,0,1225,0
reprojectionBolt,95,0,1532233838960,1532233839032,72,null
overall,95,0,1532233810009,1532233839032,29023,0
videoSpout,96,0,1532233811010,1532233811010,0,10.10.21.7
rectificationBolt,96,0,1532233839032,1532233839069,37,10.10.21.7
disparityBoltSub,96,0,1532233839070,1532233840169,1099,10.10.21.7
disparityBolt,96,0,0,0,1099,0
reprojectionBolt,96,0,1532233840170,1532233840230,60,null
overall,96,0,1532233811010,1532233840230,29220,0
videoSpout,97,0,1532233812010,1532233812011,1,10.10.21.7
rectificationBolt,97,0,1532233840230,1532233840265,35,10.10.21.7
disparityBoltSub,97,0,1532233840265,1532233841335,1070,10.10.21.7
disparityBolt,97,0,0,0,1070,0
reprojectionBolt,97,0,1532233841335,1532233841398,63,null
overall,97,0,1532233812010,1532233841398,29388,0
videoSpout,98,0,1532233813012,1532233813012,0,10.10.21.7
rectificationBolt,98,0,1532233841398,1532233841436,38,10.10.21.7
disparityBoltSub,98,0,1532233841437,1532233842526,1089,10.10.21.7
disparityBolt,98,0,0,0,1089,0
reprojectionBolt,98,0,1532233842526,1532233842595,69,null
overall,98,0,1532233813012,1532233842595,29583,0
videoSpout,99,0,1532233814012,1532233814013,1,10.10.21.7
rectificationBolt,99,0,1532233842595,1532233842629,34,10.10.21.7
disparityBoltSub,99,0,1532233842629,1532233843874,1245,10.10.21.7
disparityBolt,99,0,0,0,1245,0
reprojectionBolt,99,0,1532233843874,1532233843938,64,null
overall,99,0,1532233814012,1532233843938,29926,0
videoSpout,100,0,1532233815013,1532233815014,1,10.10.21.7
rectificationBolt,100,0,1532233843938,1532233843977,39,10.10.21.7
disparityBoltSub,100,0,1532233843977,1532233845083,1106,10.10.21.7
disparityBolt,100,0,0,0,1106,0
reprojectionBolt,100,0,1532233845083,1532233845143,60,null
overall,100,0,1532233815013,1532233845143,30130,0
videoSpout,101,0,1532233816014,1532233816015,1,10.10.21.7
rectificationBolt,101,0,1532233845143,1532233845179,36,10.10.21.7
disparityBoltSub,101,0,1532233845179,1532233846137,958,10.10.21.7
disparityBolt,101,0,0,0,958,0
reprojectionBolt,101,0,1532233846137,1532233846208,71,null
overall,101,0,1532233816014,1532233846208,30194,0
videoSpout,102,0,1532233817015,1532233817016,1,10.10.21.7
rectificationBolt,102,0,1532233846208,1532233846244,36,10.10.21.7
disparityBoltSub,102,0,1532233846244,1532233847526,1282,10.10.21.7
disparityBolt,102,0,0,0,1282,0
reprojectionBolt,102,0,1532233847526,1532233847588,62,null
overall,102,0,1532233817015,1532233847588,30573,0
videoSpout,103,0,1532233818017,1532233818017,0,10.10.21.7
rectificationBolt,103,0,1532233847588,1532233847626,38,10.10.21.7
disparityBoltSub,103,0,1532233847627,1532233848879,1252,10.10.21.7
disparityBolt,103,0,0,0,1252,0
reprojectionBolt,103,0,1532233848880,1532233848941,61,null
overall,103,0,1532233818017,1532233848941,30924,0
videoSpout,104,0,1532233819017,1532233819018,1,10.10.21.7
rectificationBolt,104,0,1532233848941,1532233848981,40,10.10.21.7
disparityBoltSub,104,0,1532233848982,1532233850247,1265,10.10.21.7
disparityBolt,104,0,0,0,1265,0
reprojectionBolt,104,0,1532233850248,1532233850320,72,null
overall,104,0,1532233819017,1532233850320,31303,0
videoSpout,105,0,1532233820018,1532233820019,1,10.10.21.7
rectificationBolt,105,0,1532233850320,1532233850357,37,10.10.21.7
disparityBoltSub,105,0,1532233850357,1532233851611,1254,10.10.21.7
disparityBolt,105,0,0,0,1254,0
reprojectionBolt,105,0,1532233851611,1532233851672,61,null
overall,105,0,1532233820018,1532233851672,31654,0
videoSpout,106,0,1532233821019,1532233821019,0,10.10.21.7
rectificationBolt,106,0,1532233851672,1532233851709,37,10.10.21.7
disparityBoltSub,106,0,1532233851710,1532233852904,1194,10.10.21.7
disparityBolt,106,0,0,0,1194,0
reprojectionBolt,106,0,1532233852904,1532233852967,63,null
overall,106,0,1532233821019,1532233852967,31948,0
