videoSpout,880,0,1532314541387,1532314541388,1,10.10.21.1
rectificationBolt,880,0,1532314541394,1532314541406,12,10.10.21.4
partitionBolt,880,0,1532314541406,1532314541411,5,10.10.21.4
disparityBoltSub,880,0,1532314541415,1532314541433,18,10.10.21.2
disparityBoltSub,880,1,1532314541416,1532314541450,34,10.10.21.2
disparityBoltSub,880,2,1532314541415,1532314541450,35,10.10.21.4
disparityBoltSub,880,3,1532314541416,1532314541452,36,10.10.21.1
disparityBoltSub,880,4,1532314541416,1532314541449,33,10.10.21.7
disparityBoltSub,880,5,1532314541416,1532314541452,36,10.10.21.7
disparityBoltSub,880,6,1532314541417,1532314541450,33,10.10.21.7
disparityBoltSub,880,7,1532314541417,1532314541450,33,10.10.21.5
disparityBoltSub,880,8,1532314541419,1532314541460,41,10.10.21.2
disparityBoltSub,880,9,1532314541420,1532314541452,32,10.10.21.3
disparityBoltSub,880,10,1532314541418,1532314541448,30,10.10.21.6
disparityBoltSub,880,11,1532314541419,1532314541449,30,10.10.21.6
disparityBoltSub,880,12,1532314541420,1532314541453,33,10.10.21.1
disparityBoltSub,880,13,1532314541421,1532314541451,30,10.10.21.6
disparityBoltSub,880,14,1532314541421,1532314541464,43,10.10.21.3
disparityBoltSub,880,15,1532314541420,1532314541436,16,10.10.21.5
disparityBolt,880,0,0,0,49,0
mergeBolt,880,0,1532314541467,1532314541470,3,10.10.21.6
reprojectionBolt,880,0,1532314541470,1532314541481,11,null
overall,880,0,1532314541387,1532314541481,94,0
videoSpout,881,0,1532314541489,1532314541490,1,10.10.21.1
rectificationBolt,881,0,1532314541497,1532314541504,7,10.10.21.6
partitionBolt,881,0,1532314541505,1532314541511,6,10.10.21.6
disparityBoltSub,881,0,1532314541514,1532314541532,18,10.10.21.1
disparityBoltSub,881,1,1532314541515,1532314541548,33,10.10.21.7
disparityBoltSub,881,2,1532314541515,1532314541549,34,10.10.21.7
disparityBoltSub,881,3,1532314541516,1532314541554,38,10.10.21.3
disparityBoltSub,881,4,1532314541517,1532314541550,33,10.10.21.5
disparityBoltSub,881,5,1532314541517,1532314541549,32,10.10.21.4
disparityBoltSub,881,6,1532314541519,1532314541555,36,10.10.21.3
disparityBoltSub,881,7,1532314541519,1532314541552,33,10.10.21.2
disparityBoltSub,881,8,1532314541519,1532314541552,33,10.10.21.5
disparityBoltSub,881,9,1532314541518,1532314541552,34,10.10.21.1
disparityBoltSub,881,10,1532314541518,1532314541549,31,10.10.21.2
disparityBoltSub,881,11,1532314541520,1532314541550,30,10.10.21.6
disparityBoltSub,881,12,1532314541519,1532314541552,33,10.10.21.5
disparityBoltSub,881,13,1532314541520,1532314541553,33,10.10.21.1
disparityBoltSub,881,14,1532314541520,1532314541549,29,10.10.21.6
disparityBoltSub,881,15,1532314541520,1532314541538,18,10.10.21.1
disparityBolt,881,0,0,0,41,0
mergeBolt,881,0,1532314541557,1532314541560,3,10.10.21.7
reprojectionBolt,881,0,1532314541560,1532314541571,11,null
overall,881,0,1532314541489,1532314541571,82,0
videoSpout,882,0,1532314541590,1532314541591,1,10.10.21.1
rectificationBolt,882,0,1532314541599,1532314541607,8,10.10.21.7
partitionBolt,882,0,1532314541608,1532314541613,5,10.10.21.7
disparityBoltSub,882,0,1532314541616,1532314541633,17,10.10.21.3
disparityBoltSub,882,1,1532314541617,1532314541650,33,10.10.21.2
disparityBoltSub,882,2,1532314541618,1532314541652,34,10.10.21.6
disparityBoltSub,882,3,1532314541617,1532314541649,32,10.10.21.7
disparityBoltSub,882,4,1532314541619,1532314541651,32,10.10.21.5
disparityBoltSub,882,5,1532314541618,1532314541651,33,10.10.21.5
disparityBoltSub,882,6,1532314541619,1532314541652,33,10.10.21.2
disparityBoltSub,882,7,1532314541619,1532314541652,33,10.10.21.5
disparityBoltSub,882,8,1532314541617,1532314541671,54,10.10.21.7
disparityBoltSub,882,9,1532314541619,1532314541670,51,10.10.21.7
disparityBoltSub,882,10,1532314541620,1532314541653,33,10.10.21.1
disparityBoltSub,882,11,1532314541620,1532314541651,31,10.10.21.6
disparityBoltSub,882,12,1532314541622,1532314541656,34,10.10.21.1
disparityBoltSub,882,13,1532314541621,1532314541652,31,10.10.21.7
disparityBoltSub,882,14,1532314541622,1532314541651,29,10.10.21.4
disparityBoltSub,882,15,1532314541622,1532314541640,18,10.10.21.1
disparityBolt,882,0,0,0,55,0
mergeBolt,882,0,1532314541673,1532314541677,4,10.10.21.5
reprojectionBolt,882,0,1532314541677,1532314541687,10,null
overall,882,0,1532314541590,1532314541687,97,0
videoSpout,883,0,1532314541691,1532314541692,1,10.10.21.1
rectificationBolt,883,0,1532314541699,1532314541707,8,10.10.21.6
partitionBolt,883,0,1532314541707,1532314541712,5,10.10.21.6
disparityBoltSub,883,0,1532314541715,1532314541745,30,10.10.21.1
disparityBoltSub,883,1,1532314541717,1532314541754,37,10.10.21.1
disparityBoltSub,883,2,1532314541717,1532314541750,33,10.10.21.5
disparityBoltSub,883,3,1532314541716,1532314541753,37,10.10.21.1
disparityBoltSub,883,4,1532314541718,1532314541751,33,10.10.21.4
disparityBoltSub,883,5,1532314541717,1532314541750,33,10.10.21.2
disparityBoltSub,883,6,1532314541718,1532314541751,33,10.10.21.7
disparityBoltSub,883,7,1532314541719,1532314541753,34,10.10.21.4
disparityBoltSub,883,8,1532314541719,1532314541751,32,10.10.21.7
disparityBoltSub,883,9,1532314541720,1532314541750,30,10.10.21.7
disparityBoltSub,883,10,1532314541720,1532314541763,43,10.10.21.1
disparityBoltSub,883,11,1532314541720,1532314541753,33,10.10.21.1
disparityBoltSub,883,12,1532314541721,1532314541751,30,10.10.21.2
disparityBoltSub,883,13,1532314541721,1532314541752,31,10.10.21.6
disparityBoltSub,883,14,1532314541722,1532314541752,30,10.10.21.4
disparityBoltSub,883,15,1532314541722,1532314541740,18,10.10.21.4
disparityBolt,883,0,0,0,48,0
mergeBolt,883,0,1532314541765,1532314541769,4,10.10.21.3
reprojectionBolt,883,0,1532314541769,1532314541779,10,null
overall,883,0,1532314541691,1532314541779,88,0
videoSpout,884,0,1532314541792,1532314541793,1,10.10.21.1
rectificationBolt,884,0,1532314541801,1532314541809,8,10.10.21.5
partitionBolt,884,0,1532314541809,1532314541814,5,10.10.21.5
disparityBoltSub,884,0,1532314541825,1532314541843,18,10.10.21.1
disparityBoltSub,884,1,1532314541818,1532314541854,36,10.10.21.3
disparityBoltSub,884,2,1532314541819,1532314541853,34,10.10.21.4
disparityBoltSub,884,3,1532314541818,1532314541851,33,10.10.21.2
disparityBoltSub,884,4,1532314541820,1532314541853,33,10.10.21.6
disparityBoltSub,884,5,1532314541819,1532314541851,32,10.10.21.7
disparityBoltSub,884,6,1532314541822,1532314541855,33,10.10.21.2
disparityBoltSub,884,7,1532314541820,1532314541853,33,10.10.21.5
disparityBoltSub,884,8,1532314541821,1532314541857,36,10.10.21.1
disparityBoltSub,884,9,1532314541822,1532314541852,30,10.10.21.5
disparityBoltSub,884,10,1532314541822,1532314541854,32,10.10.21.3
disparityBoltSub,884,11,1532314541822,1532314541853,31,10.10.21.7
disparityBoltSub,884,12,1532314541823,1532314541856,33,10.10.21.1
disparityBoltSub,884,13,1532314541825,1532314541855,30,10.10.21.4
disparityBoltSub,884,14,1532314541824,1532314541853,29,10.10.21.6
disparityBoltSub,884,15,1532314541824,1532314541841,17,10.10.21.6
disparityBolt,884,0,0,0,39,0
mergeBolt,884,0,1532314541859,1532314541861,2,10.10.21.1
reprojectionBolt,884,0,1532314541862,1532314541873,11,null
overall,884,0,1532314541792,1532314541873,81,0
videoSpout,885,0,1532314541893,1532314541895,2,10.10.21.1
rectificationBolt,885,0,1532314541900,1532314541916,16,10.10.21.1
partitionBolt,885,0,1532314541916,1532314541921,5,10.10.21.1
disparityBoltSub,885,0,1532314541925,1532314541942,17,10.10.21.4
disparityBoltSub,885,1,1532314541925,1532314541959,34,10.10.21.2
disparityBoltSub,885,2,1532314541925,1532314541958,33,10.10.21.2
disparityBoltSub,885,3,1532314541925,1532314541959,34,10.10.21.4
disparityBoltSub,885,4,1532314541926,1532314541959,33,10.10.21.4
disparityBoltSub,885,5,1532314541927,1532314541959,32,10.10.21.5
disparityBoltSub,885,6,1532314541927,1532314541961,34,10.10.21.5
disparityBoltSub,885,7,1532314541927,1532314541960,33,10.10.21.2
disparityBoltSub,885,8,1532314541928,1532314541960,32,10.10.21.4
disparityBoltSub,885,9,1532314541928,1532314541962,34,10.10.21.1
disparityBoltSub,885,10,1532314541928,1532314541958,30,10.10.21.7
disparityBoltSub,885,11,1532314541929,1532314541974,45,10.10.21.3
disparityBoltSub,885,12,1532314541929,1532314541960,31,10.10.21.2
disparityBoltSub,885,13,1532314541929,1532314541960,31,10.10.21.1
disparityBoltSub,885,14,1532314541929,1532314541958,29,10.10.21.2
disparityBoltSub,885,15,1532314541929,1532314541945,16,10.10.21.7
disparityBolt,885,0,0,0,49,0
mergeBolt,885,0,1532314541976,1532314541979,3,10.10.21.2
reprojectionBolt,885,0,1532314541979,1532314541989,10,null
overall,885,0,1532314541893,1532314541989,96,0
videoSpout,886,0,1532314541995,1532314541996,1,10.10.21.1
rectificationBolt,886,0,1532314542002,1532314542021,19,10.10.21.4
partitionBolt,886,0,1532314542021,1532314542025,4,10.10.21.4
disparityBoltSub,886,0,1532314542029,1532314542045,16,10.10.21.7
disparityBoltSub,886,1,1532314542028,1532314542063,35,10.10.21.5
disparityBoltSub,886,2,1532314542030,1532314542063,33,10.10.21.2
disparityBoltSub,886,3,1532314542030,1532314542063,33,10.10.21.5
disparityBoltSub,886,4,1532314542030,1532314542063,33,10.10.21.5
disparityBoltSub,886,5,1532314542031,1532314542063,32,10.10.21.7
disparityBoltSub,886,6,1532314542031,1532314542065,34,10.10.21.2
disparityBoltSub,886,7,1532314542031,1532314542067,36,10.10.21.1
disparityBoltSub,886,8,1532314542030,1532314542066,36,10.10.21.1
disparityBoltSub,886,9,1532314542032,1532314542064,32,10.10.21.3
disparityBoltSub,886,10,1532314542032,1532314542061,29,10.10.21.4
disparityBoltSub,886,11,1532314542030,1532314542063,33,10.10.21.4
disparityBoltSub,886,12,1532314542032,1532314542065,33,10.10.21.6
disparityBoltSub,886,13,1532314542033,1532314542066,33,10.10.21.1
disparityBoltSub,886,14,1532314542034,1532314542063,29,10.10.21.5
disparityBoltSub,886,15,1532314542033,1532314542051,18,10.10.21.1
disparityBolt,886,0,0,0,39,0
mergeBolt,886,0,1532314542069,1532314542072,3,10.10.21.4
reprojectionBolt,886,0,1532314542072,1532314542081,9,null
overall,886,0,1532314541995,1532314542081,86,0
videoSpout,887,0,1532314542096,1532314542097,1,10.10.21.1
rectificationBolt,887,0,1532314542103,1532314542111,8,10.10.21.5
partitionBolt,887,0,1532314542112,1532314542116,4,10.10.21.5
disparityBoltSub,887,0,1532314542119,1532314542136,17,10.10.21.5
disparityBoltSub,887,1,1532314542119,1532314542152,33,10.10.21.2
disparityBoltSub,887,2,1532314542121,1532314542155,34,10.10.21.7
disparityBoltSub,887,3,1532314542120,1532314542153,33,10.10.21.2
disparityBoltSub,887,4,1532314542121,1532314542156,35,10.10.21.4
disparityBoltSub,887,5,1532314542121,1532314542154,33,10.10.21.4
disparityBoltSub,887,6,1532314542122,1532314542156,34,10.10.21.7
disparityBoltSub,887,7,1532314542121,1532314542156,35,10.10.21.4
disparityBoltSub,887,8,1532314542121,1532314542155,34,10.10.21.5
disparityBoltSub,887,9,1532314542122,1532314542152,30,10.10.21.7
disparityBoltSub,887,10,1532314542123,1532314542152,29,10.10.21.2
disparityBoltSub,887,11,1532314542123,1532314542153,30,10.10.21.2
disparityBoltSub,887,12,1532314542123,1532314542175,52,10.10.21.3
disparityBoltSub,887,13,1532314542123,1532314542155,32,10.10.21.1
disparityBoltSub,887,14,1532314542123,1532314542153,30,10.10.21.7
disparityBoltSub,887,15,1532314542123,1532314542140,17,10.10.21.4
disparityBolt,887,0,0,0,56,0
mergeBolt,887,0,1532314542178,1532314542181,3,10.10.21.6
reprojectionBolt,887,0,1532314542181,1532314542191,10,null
overall,887,0,1532314542096,1532314542191,95,0
videoSpout,888,0,1532314542197,1532314542198,1,10.10.21.1
rectificationBolt,888,0,1532314542204,1532314542213,9,10.10.21.5
partitionBolt,888,0,1532314542213,1532314542219,6,10.10.21.5
disparityBoltSub,888,0,1532314542223,1532314542239,16,10.10.21.7
disparityBoltSub,888,1,1532314542223,1532314542257,34,10.10.21.6
disparityBoltSub,888,2,1532314542222,1532314542258,36,10.10.21.1
disparityBoltSub,888,3,1532314542223,1532314542256,33,10.10.21.6
disparityBoltSub,888,4,1532314542224,1532314542258,34,10.10.21.2
disparityBoltSub,888,5,1532314542223,1532314542256,33,10.10.21.2
disparityBoltSub,888,6,1532314542225,1532314542258,33,10.10.21.2
disparityBoltSub,888,7,1532314542225,1532314542261,36,10.10.21.1
disparityBoltSub,888,8,1532314542224,1532314542257,33,10.10.21.6
disparityBoltSub,888,9,1532314542225,1532314542257,32,10.10.21.2
disparityBoltSub,888,10,1532314542225,1532314542259,34,10.10.21.3
disparityBoltSub,888,11,1532314542226,1532314542256,30,10.10.21.2
disparityBoltSub,888,12,1532314542227,1532314542261,34,10.10.21.1
disparityBoltSub,888,13,1532314542227,1532314542258,31,10.10.21.5
disparityBoltSub,888,14,1532314542227,1532314542258,31,10.10.21.1
disparityBoltSub,888,15,1532314542228,1532314542245,17,10.10.21.5
disparityBolt,888,0,0,0,39,0
mergeBolt,888,0,1532314542263,1532314542266,3,10.10.21.7
reprojectionBolt,888,0,1532314542266,1532314542276,10,null
overall,888,0,1532314542197,1532314542276,79,0
videoSpout,889,0,1532314542298,1532314542299,1,10.10.21.1
rectificationBolt,889,0,1532314542306,1532314542315,9,10.10.21.6
partitionBolt,889,0,1532314542315,1532314542322,7,10.10.21.6
disparityBoltSub,889,0,1532314542325,1532314542343,18,10.10.21.7
disparityBoltSub,889,1,1532314542326,1532314542362,36,10.10.21.1
disparityBoltSub,889,2,1532314542328,1532314542365,37,10.10.21.6
disparityBoltSub,889,3,1532314542328,1532314542363,35,10.10.21.3
disparityBoltSub,889,4,1532314542329,1532314542363,34,10.10.21.5
disparityBoltSub,889,5,1532314542329,1532314542361,32,10.10.21.2
disparityBoltSub,889,6,1532314542329,1532314542364,35,10.10.21.1
disparityBoltSub,889,7,1532314542329,1532314542363,34,10.10.21.5
disparityBoltSub,889,8,1532314542330,1532314542363,33,10.10.21.5
disparityBoltSub,889,9,1532314542330,1532314542362,32,10.10.21.6
disparityBoltSub,889,10,1532314542331,1532314542360,29,10.10.21.2
disparityBoltSub,889,11,1532314542332,1532314542363,31,10.10.21.5
disparityBoltSub,889,12,1532314542332,1532314542363,31,10.10.21.4
disparityBoltSub,889,13,1532314542333,1532314542364,31,10.10.21.5
disparityBoltSub,889,14,1532314542333,1532314542362,29,10.10.21.7
disparityBoltSub,889,15,1532314542334,1532314542350,16,10.10.21.2
disparityBolt,889,0,0,0,40,0
mergeBolt,889,0,1532314542366,1532314542369,3,10.10.21.5
reprojectionBolt,889,0,1532314542369,1532314542379,10,null
overall,889,0,1532314542298,1532314542379,81,0
videoSpout,890,0,1532314542399,1532314542400,1,10.10.21.1
rectificationBolt,890,0,1532314542407,1532314542417,10,10.10.21.6
partitionBolt,890,0,1532314542417,1532314542422,5,10.10.21.6
disparityBoltSub,890,0,1532314542425,1532314542442,17,10.10.21.7
disparityBoltSub,890,1,1532314542425,1532314542462,37,10.10.21.1
disparityBoltSub,890,2,1532314542426,1532314542461,35,10.10.21.2
disparityBoltSub,890,3,1532314542427,1532314542461,34,10.10.21.7
disparityBoltSub,890,4,1532314542428,1532314542461,33,10.10.21.7
disparityBoltSub,890,5,1532314542427,1532314542462,35,10.10.21.3
disparityBoltSub,890,6,1532314542427,1532314542461,34,10.10.21.6
disparityBoltSub,890,7,1532314542427,1532314542460,33,10.10.21.5
disparityBoltSub,890,8,1532314542429,1532314542464,35,10.10.21.5
disparityBoltSub,890,9,1532314542429,1532314542470,41,10.10.21.3
disparityBoltSub,890,10,1532314542429,1532314542465,36,10.10.21.1
disparityBoltSub,890,11,1532314542429,1532314542460,31,10.10.21.5
disparityBoltSub,890,12,1532314542430,1532314542463,33,10.10.21.1
disparityBoltSub,890,13,1532314542431,1532314542462,31,10.10.21.7
disparityBoltSub,890,14,1532314542430,1532314542460,30,10.10.21.6
disparityBoltSub,890,15,1532314542431,1532314542447,16,10.10.21.2
disparityBolt,890,0,0,0,45,0
mergeBolt,890,0,1532314542472,1532314542475,3,10.10.21.3
reprojectionBolt,890,0,1532314542475,1532314542485,10,null
overall,890,0,1532314542399,1532314542485,86,0
videoSpout,891,0,1532314542500,1532314542502,2,10.10.21.1
rectificationBolt,891,0,1532314542510,1532314542520,10,10.10.21.2
partitionBolt,891,0,1532314542520,1532314542524,4,10.10.21.2
disparityBoltSub,891,0,1532314542528,1532314542547,19,10.10.21.3
disparityBoltSub,891,1,1532314542529,1532314542563,34,10.10.21.2
disparityBoltSub,891,2,1532314542528,1532314542561,33,10.10.21.5
disparityBoltSub,891,3,1532314542528,1532314542562,34,10.10.21.6
disparityBoltSub,891,4,1532314542530,1532314542565,35,10.10.21.6
disparityBoltSub,891,5,1532314542529,1532314542564,35,10.10.21.1
disparityBoltSub,891,6,1532314542529,1532314542562,33,10.10.21.6
disparityBoltSub,891,7,1532314542529,1532314542563,34,10.10.21.2
disparityBoltSub,891,8,1532314542528,1532314542563,35,10.10.21.4
disparityBoltSub,891,9,1532314542530,1532314542561,31,10.10.21.4
disparityBoltSub,891,10,1532314542531,1532314542563,32,10.10.21.1
disparityBoltSub,891,11,1532314542532,1532314542565,33,10.10.21.3
disparityBoltSub,891,12,1532314542531,1532314542562,31,10.10.21.6
disparityBoltSub,891,13,1532314542531,1532314542562,31,10.10.21.1
disparityBoltSub,891,14,1532314542531,1532314542562,31,10.10.21.2
disparityBoltSub,891,15,1532314542531,1532314542547,16,10.10.21.2
disparityBolt,891,0,0,0,37,0
mergeBolt,891,0,1532314542567,1532314542570,3,10.10.21.1
reprojectionBolt,891,0,1532314542571,1532314542582,11,null
overall,891,0,1532314542500,1532314542582,82,0
videoSpout,892,0,1532314542602,1532314542603,1,10.10.21.1
rectificationBolt,892,0,1532314542609,1532314542617,8,10.10.21.4
partitionBolt,892,0,1532314542618,1532314542622,4,10.10.21.4
disparityBoltSub,892,0,1532314542627,1532314542644,17,10.10.21.7
disparityBoltSub,892,1,1532314542626,1532314542663,37,10.10.21.3
disparityBoltSub,892,2,1532314542627,1532314542663,36,10.10.21.1
disparityBoltSub,892,3,1532314542628,1532314542661,33,10.10.21.7
disparityBoltSub,892,4,1532314542627,1532314542664,37,10.10.21.1
disparityBoltSub,892,5,1532314542628,1532314542663,35,10.10.21.1
disparityBoltSub,892,6,1532314542627,1532314542660,33,10.10.21.6
disparityBoltSub,892,7,1532314542628,1532314542662,34,10.10.21.6
disparityBoltSub,892,8,1532314542630,1532314542663,33,10.10.21.7
disparityBoltSub,892,9,1532314542629,1532314542659,30,10.10.21.7
disparityBoltSub,892,10,1532314542629,1532314542660,31,10.10.21.2
disparityBoltSub,892,11,1532314542629,1532314542660,31,10.10.21.2
disparityBoltSub,892,12,1532314542630,1532314542661,31,10.10.21.7
disparityBoltSub,892,13,1532314542630,1532314542660,30,10.10.21.2
disparityBoltSub,892,14,1532314542630,1532314542660,30,10.10.21.4
disparityBoltSub,892,15,1532314542631,1532314542649,18,10.10.21.3
disparityBolt,892,0,0,0,38,0
mergeBolt,892,0,1532314542666,1532314542669,3,10.10.21.2
reprojectionBolt,892,0,1532314542669,1532314542679,10,null
overall,892,0,1532314542602,1532314542679,77,0
videoSpout,893,0,1532314542703,1532314542704,1,10.10.21.1
rectificationBolt,893,0,1532314542710,1532314542718,8,10.10.21.2
partitionBolt,893,0,1532314542718,1532314542724,6,10.10.21.2
disparityBoltSub,893,0,1532314542727,1532314542744,17,10.10.21.7
disparityBoltSub,893,1,1532314542728,1532314542764,36,10.10.21.1
disparityBoltSub,893,2,1532314542729,1532314542761,32,10.10.21.7
disparityBoltSub,893,3,1532314542729,1532314542762,33,10.10.21.6
disparityBoltSub,893,4,1532314542730,1532314542764,34,10.10.21.4
disparityBoltSub,893,5,1532314542729,1532314542762,33,10.10.21.6
disparityBoltSub,893,6,1532314542729,1532314542762,33,10.10.21.5
disparityBoltSub,893,7,1532314542730,1532314542763,33,10.10.21.2
disparityBoltSub,893,8,1532314542730,1532314542763,33,10.10.21.5
disparityBoltSub,893,9,1532314542732,1532314542763,31,10.10.21.6
disparityBoltSub,893,10,1532314542731,1532314542761,30,10.10.21.2
disparityBoltSub,893,11,1532314542732,1532314542764,32,10.10.21.6
disparityBoltSub,893,12,1532314542733,1532314542765,32,10.10.21.5
disparityBoltSub,893,13,1532314542733,1532314542764,31,10.10.21.4
disparityBoltSub,893,14,1532314542735,1532314542766,31,10.10.21.1
disparityBoltSub,893,15,1532314542733,1532314542750,17,10.10.21.6
disparityBolt,893,0,0,0,39,0
mergeBolt,893,0,1532314542767,1532314542771,4,10.10.21.4
reprojectionBolt,893,0,1532314542771,1532314542782,11,null
overall,893,0,1532314542703,1532314542782,79,0
videoSpout,894,0,1532314542804,1532314542805,1,10.10.21.1
rectificationBolt,894,0,1532314542812,1532314542821,9,10.10.21.4
partitionBolt,894,0,1532314542821,1532314542835,14,10.10.21.4
disparityBoltSub,894,0,1532314542838,1532314542855,17,10.10.21.7
disparityBoltSub,894,1,1532314542838,1532314542875,37,10.10.21.3
disparityBoltSub,894,2,1532314542838,1532314542871,33,10.10.21.6
disparityBoltSub,894,3,1532314542841,1532314542876,35,10.10.21.3
disparityBoltSub,894,4,1532314542839,1532314542872,33,10.10.21.6
disparityBoltSub,894,5,1532314542839,1532314542874,35,10.10.21.1
disparityBoltSub,894,6,1532314542839,1532314542871,32,10.10.21.5
disparityBoltSub,894,7,1532314542840,1532314542873,33,10.10.21.4
disparityBoltSub,894,8,1532314542841,1532314542877,36,10.10.21.1
disparityBoltSub,894,9,1532314542840,1532314542870,30,10.10.21.7
disparityBoltSub,894,10,1532314542841,1532314542873,32,10.10.21.3
disparityBoltSub,894,11,1532314542842,1532314542873,31,10.10.21.7
disparityBoltSub,894,12,1532314542842,1532314542873,31,10.10.21.6
disparityBoltSub,894,13,1532314542843,1532314542875,32,10.10.21.3
disparityBoltSub,894,14,1532314542844,1532314542874,30,10.10.21.4
disparityBoltSub,894,15,1532314542842,1532314542860,18,10.10.21.1
disparityBolt,894,0,0,0,39,0
mergeBolt,894,0,1532314542879,1532314542882,3,10.10.21.6
reprojectionBolt,894,0,1532314542882,1532314542892,10,null
overall,894,0,1532314542804,1532314542892,88,0
videoSpout,895,0,1532314542905,1532314542906,1,10.10.21.1
rectificationBolt,895,0,1532314542913,1532314542920,7,10.10.21.5
partitionBolt,895,0,1532314542920,1532314542924,4,10.10.21.5
disparityBoltSub,895,0,1532314542926,1532314542943,17,10.10.21.7
disparityBoltSub,895,1,1532314542925,1532314542959,34,10.10.21.5
disparityBoltSub,895,2,1532314542928,1532314542961,33,10.10.21.2
disparityBoltSub,895,3,1532314542928,1532314542962,34,10.10.21.5
disparityBoltSub,895,4,1532314542927,1532314542961,34,10.10.21.5
disparityBoltSub,895,5,1532314542929,1532314542962,33,10.10.21.7
disparityBoltSub,895,6,1532314542929,1532314542962,33,10.10.21.5
disparityBoltSub,895,7,1532314542929,1532314542962,33,10.10.21.7
disparityBoltSub,895,8,1532314542929,1532314542961,32,10.10.21.2
disparityBoltSub,895,9,1532314542929,1532314542960,31,10.10.21.7
disparityBoltSub,895,10,1532314542929,1532314542958,29,10.10.21.4
disparityBoltSub,895,11,1532314542930,1532314542960,30,10.10.21.6
disparityBoltSub,895,12,1532314542930,1532314542964,34,10.10.21.1
disparityBoltSub,895,13,1532314542930,1532314542960,30,10.10.21.7
disparityBoltSub,895,14,1532314542929,1532314542959,30,10.10.21.5
disparityBoltSub,895,15,1532314542931,1532314542947,16,10.10.21.2
disparityBolt,895,0,0,0,39,0
mergeBolt,895,0,1532314542965,1532314542968,3,10.10.21.7
reprojectionBolt,895,0,1532314542968,1532314542978,10,null
overall,895,0,1532314542905,1532314542978,73,0
videoSpout,896,0,1532314543006,1532314543007,1,10.10.21.1
rectificationBolt,896,0,1532314543014,1532314543024,10,10.10.21.6
partitionBolt,896,0,1532314543024,1532314543029,5,10.10.21.6
disparityBoltSub,896,0,1532314543033,1532314543049,16,10.10.21.6
disparityBoltSub,896,1,1532314543033,1532314543068,35,10.10.21.1
disparityBoltSub,896,2,1532314543032,1532314543066,34,10.10.21.4
disparityBoltSub,896,3,1532314543035,1532314543068,33,10.10.21.5
disparityBoltSub,896,4,1532314543035,1532314543068,33,10.10.21.2
disparityBoltSub,896,5,1532314543034,1532314543068,34,10.10.21.5
disparityBoltSub,896,6,1532314543035,1532314543068,33,10.10.21.2
disparityBoltSub,896,7,1532314543036,1532314543073,37,10.10.21.3
disparityBoltSub,896,8,1532314543036,1532314543069,33,10.10.21.2
disparityBoltSub,896,9,1532314543037,1532314543068,31,10.10.21.5
disparityBoltSub,896,10,1532314543037,1532314543069,32,10.10.21.1
disparityBoltSub,896,11,1532314543037,1532314543068,31,10.10.21.6
disparityBoltSub,896,12,1532314543037,1532314543068,31,10.10.21.2
disparityBoltSub,896,13,1532314543038,1532314543069,31,10.10.21.1
disparityBoltSub,896,14,1532314543039,1532314543070,31,10.10.21.3
disparityBoltSub,896,15,1532314543038,1532314543055,17,10.10.21.5
disparityBolt,896,0,0,0,41,0
mergeBolt,896,0,1532314543075,1532314543078,3,10.10.21.5
reprojectionBolt,896,0,1532314543078,1532314543088,10,null
overall,896,0,1532314543006,1532314543088,82,0
videoSpout,897,0,1532314543107,1532314543109,2,10.10.21.1
rectificationBolt,897,0,1532314543114,1532314543128,14,10.10.21.4
partitionBolt,897,0,1532314543128,1532314543133,5,10.10.21.4
disparityBoltSub,897,0,1532314543136,1532314543152,16,10.10.21.2
disparityBoltSub,897,1,1532314543138,1532314543171,33,10.10.21.2
disparityBoltSub,897,2,1532314543137,1532314543171,34,10.10.21.7
disparityBoltSub,897,3,1532314543139,1532314543173,34,10.10.21.6
disparityBoltSub,897,4,1532314543140,1532314543172,32,10.10.21.7
disparityBoltSub,897,5,1532314543139,1532314543175,36,10.10.21.7
disparityBoltSub,897,6,1532314543141,1532314543174,33,10.10.21.5
disparityBoltSub,897,7,1532314543141,1532314543174,33,10.10.21.7
disparityBoltSub,897,8,1532314543150,1532314543185,35,10.10.21.6
disparityBoltSub,897,9,1532314543151,1532314543182,31,10.10.21.4
disparityBoltSub,897,10,1532314543151,1532314543182,31,10.10.21.3
disparityBoltSub,897,11,1532314543152,1532314543183,31,10.10.21.5
disparityBoltSub,897,12,1532314543153,1532314543185,32,10.10.21.6
disparityBoltSub,897,13,1532314543153,1532314543183,30,10.10.21.2
disparityBoltSub,897,14,1532314543154,1532314543183,29,10.10.21.4
disparityBoltSub,897,15,1532314543154,1532314543170,16,10.10.21.2
disparityBolt,897,0,0,0,49,0
mergeBolt,897,0,1532314543186,1532314543191,5,10.10.21.3
reprojectionBolt,897,0,1532314543191,1532314543204,13,null
overall,897,0,1532314543107,1532314543204,97,0
videoSpout,898,0,1532314543209,1532314543210,1,10.10.21.1
rectificationBolt,898,0,1532314543217,1532314543231,14,10.10.21.3
partitionBolt,898,0,1532314543231,1532314543236,5,10.10.21.3
disparityBoltSub,898,0,1532314543240,1532314543258,18,10.10.21.2
disparityBoltSub,898,1,1532314543240,1532314543274,34,10.10.21.7
disparityBoltSub,898,2,1532314543241,1532314543277,36,10.10.21.3
disparityBoltSub,898,3,1532314543240,1532314543273,33,10.10.21.5
disparityBoltSub,898,4,1532314543241,1532314543275,34,10.10.21.4
disparityBoltSub,898,5,1532314543243,1532314543278,35,10.10.21.1
disparityBoltSub,898,6,1532314543243,1532314543279,36,10.10.21.1
disparityBoltSub,898,7,1532314543243,1532314543276,33,10.10.21.6
disparityBoltSub,898,8,1532314543243,1532314543276,33,10.10.21.2
disparityBoltSub,898,9,1532314543244,1532314543277,33,10.10.21.2
disparityBoltSub,898,10,1532314543243,1532314543273,30,10.10.21.5
disparityBoltSub,898,11,1532314543256,1532314543289,33,10.10.21.1
disparityBoltSub,898,12,1532314543257,1532314543287,30,10.10.21.6
disparityBoltSub,898,13,1532314543257,1532314543286,29,10.10.21.4
disparityBoltSub,898,14,1532314543258,1532314543289,31,10.10.21.1
disparityBoltSub,898,15,1532314543257,1532314543273,16,10.10.21.5
disparityBolt,898,0,0,0,49,0
mergeBolt,898,0,1532314543291,1532314543294,3,10.10.21.1
reprojectionBolt,898,0,1532314543295,1532314543305,10,null
overall,898,0,1532314543209,1532314543305,96,0
videoSpout,899,0,1532314543310,1532314543311,1,10.10.21.1
rectificationBolt,899,0,1532314543318,1532314543328,10,10.10.21.6
partitionBolt,899,0,1532314543328,1532314543334,6,10.10.21.6
disparityBoltSub,899,0,1532314543336,1532314543353,17,10.10.21.6
disparityBoltSub,899,1,1532314543337,1532314543370,33,10.10.21.7
disparityBoltSub,899,2,1532314543338,1532314543372,34,10.10.21.7
disparityBoltSub,899,3,1532314543339,1532314543375,36,10.10.21.3
disparityBoltSub,899,4,1532314543337,1532314543371,34,10.10.21.6
disparityBoltSub,899,5,1532314543339,1532314543373,34,10.10.21.5
disparityBoltSub,899,6,1532314543340,1532314543373,33,10.10.21.2
disparityBoltSub,899,7,1532314543340,1532314543373,33,10.10.21.5
disparityBoltSub,899,8,1532314543340,1532314543375,35,10.10.21.4
disparityBoltSub,899,9,1532314543341,1532314543382,41,10.10.21.3
disparityBoltSub,899,10,1532314543341,1532314543372,31,10.10.21.4
disparityBoltSub,899,11,1532314543341,1532314543402,61,10.10.21.3
disparityBoltSub,899,12,1532314543342,1532314543376,34,10.10.21.3
disparityBoltSub,899,13,1532314543342,1532314543373,31,10.10.21.7
disparityBoltSub,899,14,1532314543343,1532314543401,58,10.10.21.3
disparityBoltSub,899,15,1532314543343,1532314543363,20,10.10.21.2
disparityBolt,899,0,0,0,66,0
mergeBolt,899,0,1532314543403,1532314543406,3,10.10.21.2
reprojectionBolt,899,0,1532314543406,1532314543415,9,null
overall,899,0,1532314543310,1532314543415,105,0
videoSpout,900,0,1532314543411,1532314543412,1,10.10.21.1
rectificationBolt,900,0,1532314543417,1532314543427,10,10.10.21.2
partitionBolt,900,0,1532314543427,1532314543431,4,10.10.21.2
disparityBoltSub,900,0,1532314543435,1532314543453,18,10.10.21.1
disparityBoltSub,900,1,1532314543434,1532314543467,33,10.10.21.7
disparityBoltSub,900,2,1532314543435,1532314543469,34,10.10.21.6
disparityBoltSub,900,3,1532314543435,1532314543469,34,10.10.21.2
disparityBoltSub,900,4,1532314543436,1532314543469,33,10.10.21.7
disparityBoltSub,900,5,1532314543436,1532314543469,33,10.10.21.6
disparityBoltSub,900,6,1532314543438,1532314543475,37,10.10.21.6
disparityBoltSub,900,7,1532314543436,1532314543473,37,10.10.21.4
disparityBoltSub,900,8,1532314543436,1532314543469,33,10.10.21.4
disparityBoltSub,900,9,1532314543436,1532314543469,33,10.10.21.2
disparityBoltSub,900,10,1532314543437,1532314543469,32,10.10.21.1
disparityBoltSub,900,11,1532314543438,1532314543469,31,10.10.21.4
disparityBoltSub,900,12,1532314543438,1532314543471,33,10.10.21.1
disparityBoltSub,900,13,1532314543439,1532314543468,29,10.10.21.4
disparityBoltSub,900,14,1532314543439,1532314543473,34,10.10.21.4
disparityBoltSub,900,15,1532314543438,1532314543455,17,10.10.21.5
disparityBolt,900,0,0,0,41,0
mergeBolt,900,0,1532314543476,1532314543479,3,10.10.21.4
reprojectionBolt,900,0,1532314543480,1532314543489,9,null
overall,900,0,1532314543411,1532314543489,78,0
videoSpout,901,0,1532314543512,1532314543513,1,10.10.21.1
rectificationBolt,901,0,1532314543521,1532314543530,9,10.10.21.5
partitionBolt,901,0,1532314543530,1532314543535,5,10.10.21.5
disparityBoltSub,901,0,1532314543539,1532314543556,17,10.10.21.6
disparityBoltSub,901,1,1532314543539,1532314543572,33,10.10.21.2
disparityBoltSub,901,2,1532314543539,1532314543573,34,10.10.21.2
disparityBoltSub,901,3,1532314543542,1532314543576,34,10.10.21.5
disparityBoltSub,901,4,1532314543541,1532314543574,33,10.10.21.7
disparityBoltSub,901,5,1532314543542,1532314543575,33,10.10.21.7
disparityBoltSub,901,6,1532314543542,1532314543575,33,10.10.21.4
disparityBoltSub,901,7,1532314543543,1532314543577,34,10.10.21.4
disparityBoltSub,901,8,1532314543544,1532314543579,35,10.10.21.1
disparityBoltSub,901,9,1532314543545,1532314543576,31,10.10.21.2
disparityBoltSub,901,10,1532314543545,1532314543575,30,10.10.21.4
disparityBoltSub,901,11,1532314543546,1532314543577,31,10.10.21.6
disparityBoltSub,901,12,1532314543546,1532314543578,32,10.10.21.1
disparityBoltSub,901,13,1532314543547,1532314543577,30,10.10.21.6
disparityBoltSub,901,14,1532314543546,1532314543576,30,10.10.21.5
disparityBoltSub,901,15,1532314543547,1532314543563,16,10.10.21.5
disparityBolt,901,0,0,0,40,0
mergeBolt,901,0,1532314543581,1532314543584,3,10.10.21.6
reprojectionBolt,901,0,1532314543584,1532314543594,10,null
overall,901,0,1532314543512,1532314543594,82,0
videoSpout,902,0,1532314543613,1532314543614,1,10.10.21.1
rectificationBolt,902,0,1532314543620,1532314543635,15,10.10.21.1
partitionBolt,902,0,1532314543635,1532314543642,7,10.10.21.1
disparityBoltSub,902,0,1532314543645,1532314543663,18,10.10.21.2
disparityBoltSub,902,1,1532314543646,1532314543679,33,10.10.21.4
disparityBoltSub,902,2,1532314543646,1532314543680,34,10.10.21.4
disparityBoltSub,902,3,1532314543647,1532314543679,32,10.10.21.4
disparityBoltSub,902,4,1532314543647,1532314543681,34,10.10.21.6
disparityBoltSub,902,5,1532314543648,1532314543680,32,10.10.21.5
disparityBoltSub,902,6,1532314543647,1532314543680,33,10.10.21.5
disparityBoltSub,902,7,1532314543649,1532314543707,58,10.10.21.3
disparityBoltSub,902,8,1532314543648,1532314543682,34,10.10.21.7
disparityBoltSub,902,9,1532314543649,1532314543683,34,10.10.21.1
disparityBoltSub,902,10,1532314543650,1532314543681,31,10.10.21.6
disparityBoltSub,902,11,1532314543651,1532314543683,32,10.10.21.7
disparityBoltSub,902,12,1532314543651,1532314543683,32,10.10.21.1
disparityBoltSub,902,13,1532314543652,1532314543681,29,10.10.21.7
disparityBoltSub,902,14,1532314543653,1532314543682,29,10.10.21.5
disparityBoltSub,902,15,1532314543653,1532314543669,16,10.10.21.7
disparityBolt,902,0,0,0,62,0
mergeBolt,902,0,1532314543709,1532314543712,3,10.10.21.7
reprojectionBolt,902,0,1532314543712,1532314543722,10,null
overall,902,0,1532314543613,1532314543722,109,0
videoSpout,903,0,1532314543714,1532314543715,1,10.10.21.1
rectificationBolt,903,0,1532314543722,1532314543731,9,10.10.21.1
partitionBolt,903,0,1532314543731,1532314543737,6,10.10.21.1
disparityBoltSub,903,0,1532314543739,1532314543755,16,10.10.21.2
disparityBoltSub,903,1,1532314543740,1532314543774,34,10.10.21.6
disparityBoltSub,903,2,1532314543741,1532314543777,36,10.10.21.3
disparityBoltSub,903,3,1532314543741,1532314543773,32,10.10.21.2
disparityBoltSub,903,4,1532314543742,1532314543778,36,10.10.21.3
disparityBoltSub,903,5,1532314543742,1532314543776,34,10.10.21.3
disparityBoltSub,903,6,1532314543743,1532314543775,32,10.10.21.5
disparityBoltSub,903,7,1532314543743,1532314543776,33,10.10.21.7
disparityBoltSub,903,8,1532314543745,1532314543777,32,10.10.21.7
disparityBoltSub,903,9,1532314543744,1532314543775,31,10.10.21.6
disparityBoltSub,903,10,1532314543746,1532314543776,30,10.10.21.4
disparityBoltSub,903,11,1532314543745,1532314543776,31,10.10.21.5
disparityBoltSub,903,12,1532314543746,1532314543780,34,10.10.21.1
disparityBoltSub,903,13,1532314543746,1532314543776,30,10.10.21.5
disparityBoltSub,903,14,1532314543748,1532314543779,31,10.10.21.1
disparityBoltSub,903,15,1532314543747,1532314543763,16,10.10.21.6
disparityBolt,903,0,0,0,41,0
mergeBolt,903,0,1532314543782,1532314543785,3,10.10.21.5
reprojectionBolt,903,0,1532314543785,1532314543795,10,null
overall,903,0,1532314543714,1532314543795,81,0
videoSpout,904,0,1532314543816,1532314543817,1,10.10.21.1
rectificationBolt,904,0,1532314543823,1532314543833,10,10.10.21.3
partitionBolt,904,0,1532314543833,1532314543839,6,10.10.21.3
disparityBoltSub,904,0,1532314543843,1532314543860,17,10.10.21.6
disparityBoltSub,904,1,1532314543844,1532314543881,37,10.10.21.2
disparityBoltSub,904,2,1532314543844,1532314543879,35,10.10.21.2
disparityBoltSub,904,3,1532314543844,1532314543877,33,10.10.21.5
disparityBoltSub,904,4,1532314543845,1532314543877,32,10.10.21.5
disparityBoltSub,904,5,1532314543846,1532314543879,33,10.10.21.2
disparityBoltSub,904,6,1532314543847,1532314543882,35,10.10.21.6
disparityBoltSub,904,7,1532314543847,1532314543885,38,10.10.21.1
disparityBoltSub,904,8,1532314543847,1532314543884,37,10.10.21.2
disparityBoltSub,904,9,1532314543848,1532314543879,31,10.10.21.4
disparityBoltSub,904,10,1532314543847,1532314543878,31,10.10.21.2
disparityBoltSub,904,11,1532314543848,1532314543882,34,10.10.21.1
disparityBoltSub,904,12,1532314543849,1532314543882,33,10.10.21.1
disparityBoltSub,904,13,1532314543849,1532314543878,29,10.10.21.6
disparityBoltSub,904,14,1532314543851,1532314543882,31,10.10.21.1
disparityBoltSub,904,15,1532314543850,1532314543867,17,10.10.21.6
disparityBolt,904,0,0,0,42,0
mergeBolt,904,0,1532314543886,1532314543891,5,10.10.21.3
reprojectionBolt,904,0,1532314543891,1532314543906,15,null
overall,904,0,1532314543816,1532314543906,90,0
videoSpout,905,0,1532314543917,1532314543918,1,10.10.21.1
rectificationBolt,905,0,1532314543924,1532314543932,8,10.10.21.7
partitionBolt,905,0,1532314543932,1532314543938,6,10.10.21.7
disparityBoltSub,905,0,1532314543941,1532314543957,16,10.10.21.7
disparityBoltSub,905,1,1532314543942,1532314543977,35,10.10.21.3
disparityBoltSub,905,2,1532314543943,1532314543976,33,10.10.21.5
disparityBoltSub,905,3,1532314543942,1532314543977,35,10.10.21.3
disparityBoltSub,905,4,1532314543942,1532314543979,37,10.10.21.2
disparityBoltSub,905,5,1532314543943,1532314543977,34,10.10.21.3
disparityBoltSub,905,6,1532314543944,1532314543977,33,10.10.21.4
disparityBoltSub,905,7,1532314543945,1532314543978,33,10.10.21.7
disparityBoltSub,905,8,1532314543945,1532314543978,33,10.10.21.5
disparityBoltSub,905,9,1532314543945,1532314543976,31,10.10.21.7
disparityBoltSub,905,10,1532314543946,1532314543978,32,10.10.21.6
disparityBoltSub,905,11,1532314543947,1532314543977,30,10.10.21.2
disparityBoltSub,905,12,1532314543946,1532314543977,31,10.10.21.5
disparityBoltSub,905,13,1532314543948,1532314543978,30,10.10.21.4
disparityBoltSub,905,14,1532314543947,1532314543979,32,10.10.21.1
disparityBoltSub,905,15,1532314543947,1532314543963,16,10.10.21.5
disparityBolt,905,0,0,0,38,0
mergeBolt,905,0,1532314543982,1532314543985,3,10.10.21.1
reprojectionBolt,905,0,1532314543985,1532314543995,10,null
overall,905,0,1532314543917,1532314543995,78,0
videoSpout,906,0,1532314544018,1532314544019,1,10.10.21.1
rectificationBolt,906,0,1532314544026,1532314544036,10,10.10.21.6
partitionBolt,906,0,1532314544036,1532314544042,6,10.10.21.6
disparityBoltSub,906,0,1532314544044,1532314544061,17,10.10.21.3
disparityBoltSub,906,1,1532314544045,1532314544079,34,10.10.21.4
disparityBoltSub,906,2,1532314544046,1532314544079,33,10.10.21.6
disparityBoltSub,906,3,1532314544048,1532314544081,33,10.10.21.7
disparityBoltSub,906,4,1532314544047,1532314544080,33,10.10.21.6
disparityBoltSub,906,5,1532314544047,1532314544080,33,10.10.21.2
disparityBoltSub,906,6,1532314544048,1532314544081,33,10.10.21.2
disparityBoltSub,906,7,1532314544049,1532314544081,32,10.10.21.7
disparityBoltSub,906,8,1532314544048,1532314544083,35,10.10.21.4
disparityBoltSub,906,9,1532314544049,1532314544081,32,10.10.21.3
disparityBoltSub,906,10,1532314544050,1532314544079,29,10.10.21.7
disparityBoltSub,906,11,1532314544049,1532314544080,31,10.10.21.2
disparityBoltSub,906,12,1532314544051,1532314544084,33,10.10.21.7
disparityBoltSub,906,13,1532314544051,1532314544082,31,10.10.21.4
disparityBoltSub,906,14,1532314544050,1532314544079,29,10.10.21.5
disparityBoltSub,906,15,1532314544051,1532314544068,17,10.10.21.1
disparityBolt,906,0,0,0,40,0
mergeBolt,906,0,1532314544086,1532314544090,4,10.10.21.2
reprojectionBolt,906,0,1532314544090,1532314544100,10,null
overall,906,0,1532314544018,1532314544100,82,0
videoSpout,907,0,1532314544119,1532314544120,1,10.10.21.1
rectificationBolt,907,0,1532314544142,1532314544152,10,10.10.21.5
partitionBolt,907,0,1532314544153,1532314544159,6,10.10.21.5
disparityBoltSub,907,0,1532314544162,1532314544179,17,10.10.21.6
disparityBoltSub,907,1,1532314544162,1532314544196,34,10.10.21.7
disparityBoltSub,907,2,1532314544163,1532314544196,33,10.10.21.7
disparityBoltSub,907,3,1532314544164,1532314544197,33,10.10.21.2
disparityBoltSub,907,4,1532314544164,1532314544197,33,10.10.21.2
disparityBoltSub,907,5,1532314544165,1532314544197,32,10.10.21.2
disparityBoltSub,907,6,1532314544165,1532314544199,34,10.10.21.4
disparityBoltSub,907,7,1532314544166,1532314544203,37,10.10.21.3
disparityBoltSub,907,8,1532314544166,1532314544214,48,10.10.21.3
disparityBoltSub,907,9,1532314544167,1532314544198,31,10.10.21.7
disparityBoltSub,907,10,1532314544168,1532314544198,30,10.10.21.2
disparityBoltSub,907,11,1532314544166,1532314544199,33,10.10.21.2
disparityBoltSub,907,12,1532314544169,1532314544199,30,10.10.21.5
disparityBoltSub,907,13,1532314544168,1532314544218,50,10.10.21.3
disparityBoltSub,907,14,1532314544168,1532314544199,31,10.10.21.7
disparityBoltSub,907,15,1532314544168,1532314544187,19,10.10.21.6
disparityBolt,907,0,0,0,56,0
mergeBolt,907,0,1532314544220,1532314544223,3,10.10.21.4
reprojectionBolt,907,0,1532314544223,1532314544233,10,null
overall,907,0,1532314544119,1532314544233,114,0
videoSpout,908,0,1532314544221,1532314544222,1,10.10.21.1
rectificationBolt,908,0,1532314544227,1532314544236,9,10.10.21.1
partitionBolt,908,0,1532314544236,1532314544244,8,10.10.21.1
disparityBoltSub,908,0,1532314544247,1532314544263,16,10.10.21.5
disparityBoltSub,908,1,1532314544248,1532314544282,34,10.10.21.4
disparityBoltSub,908,2,1532314544249,1532314544283,34,10.10.21.4
disparityBoltSub,908,3,1532314544249,1532314544282,33,10.10.21.7
disparityBoltSub,908,4,1532314544250,1532314544284,34,10.10.21.6
disparityBoltSub,908,5,1532314544251,1532314544286,35,10.10.21.1
disparityBoltSub,908,6,1532314544253,1532314544288,35,10.10.21.4
disparityBoltSub,908,7,1532314544252,1532314544287,35,10.10.21.7
disparityBoltSub,908,8,1532314544253,1532314544286,33,10.10.21.7
disparityBoltSub,908,9,1532314544254,1532314544285,31,10.10.21.4
disparityBoltSub,908,10,1532314544254,1532314544284,30,10.10.21.6
disparityBoltSub,908,11,1532314544254,1532314544286,32,10.10.21.4
disparityBoltSub,908,12,1532314544254,1532314544287,33,10.10.21.1
disparityBoltSub,908,13,1532314544255,1532314544287,32,10.10.21.1
disparityBoltSub,908,14,1532314544257,1532314544289,32,10.10.21.1
disparityBoltSub,908,15,1532314544257,1532314544274,17,10.10.21.3
disparityBolt,908,0,0,0,42,0
mergeBolt,908,0,1532314544291,1532314544294,3,10.10.21.6
reprojectionBolt,908,0,1532314544294,1532314544304,10,null
overall,908,0,1532314544221,1532314544304,83,0
videoSpout,909,0,1532314544322,1532314544324,2,10.10.21.1
rectificationBolt,909,0,1532314544331,1532314544340,9,10.10.21.6
partitionBolt,909,0,1532314544340,1532314544345,5,10.10.21.6
disparityBoltSub,909,0,1532314544349,1532314544366,17,10.10.21.1
disparityBoltSub,909,1,1532314544350,1532314544385,35,10.10.21.5
disparityBoltSub,909,2,1532314544350,1532314544386,36,10.10.21.1
disparityBoltSub,909,3,1532314544350,1532314544384,34,10.10.21.7
disparityBoltSub,909,4,1532314544350,1532314544384,34,10.10.21.2
disparityBoltSub,909,5,1532314544352,1532314544389,37,10.10.21.6
disparityBoltSub,909,6,1532314544352,1532314544386,34,10.10.21.7
disparityBoltSub,909,7,1532314544361,1532314544397,36,10.10.21.3
disparityBoltSub,909,8,1532314544362,1532314544397,35,10.10.21.6
disparityBoltSub,909,9,1532314544363,1532314544396,33,10.10.21.2
disparityBoltSub,909,10,1532314544365,1532314544395,30,10.10.21.2
disparityBoltSub,909,11,1532314544363,1532314544394,31,10.10.21.4
disparityBoltSub,909,12,1532314544365,1532314544398,33,10.10.21.1
disparityBoltSub,909,13,1532314544365,1532314544395,30,10.10.21.7
disparityBoltSub,909,14,1532314544366,1532314544395,29,10.10.21.2
disparityBoltSub,909,15,1532314544367,1532314544383,16,10.10.21.5
disparityBolt,909,0,0,0,49,0
mergeBolt,909,0,1532314544400,1532314544403,3,10.10.21.7
reprojectionBolt,909,0,1532314544403,1532314544412,9,null
overall,909,0,1532314544322,1532314544412,90,0
videoSpout,910,0,1532314544424,1532314544425,1,10.10.21.1
rectificationBolt,910,0,1532314544433,1532314544443,10,10.10.21.1
partitionBolt,910,0,1532314544443,1532314544448,5,10.10.21.1
disparityBoltSub,910,0,1532314544452,1532314544470,18,10.10.21.3
disparityBoltSub,910,1,1532314544452,1532314544489,37,10.10.21.1
disparityBoltSub,910,2,1532314544453,1532314544488,35,10.10.21.4
disparityBoltSub,910,3,1532314544452,1532314544485,33,10.10.21.2
disparityBoltSub,910,4,1532314544454,1532314544486,32,10.10.21.4
disparityBoltSub,910,5,1532314544454,1532314544487,33,10.10.21.5
disparityBoltSub,910,6,1532314544454,1532314544489,35,10.10.21.1
disparityBoltSub,910,7,1532314544455,1532314544488,33,10.10.21.4
disparityBoltSub,910,8,1532314544456,1532314544489,33,10.10.21.5
disparityBoltSub,910,9,1532314544456,1532314544487,31,10.10.21.5
disparityBoltSub,910,10,1532314544456,1532314544486,30,10.10.21.6
disparityBoltSub,910,11,1532314544457,1532314544489,32,10.10.21.6
disparityBoltSub,910,12,1532314544458,1532314544489,31,10.10.21.6
disparityBoltSub,910,13,1532314544457,1532314544492,35,10.10.21.7
disparityBoltSub,910,14,1532314544458,1532314544487,29,10.10.21.7
disparityBoltSub,910,15,1532314544458,1532314544475,17,10.10.21.5
disparityBolt,910,0,0,0,40,0
mergeBolt,910,0,1532314544494,1532314544497,3,10.10.21.5
reprojectionBolt,910,0,1532314544497,1532314544506,9,null
overall,910,0,1532314544424,1532314544506,82,0
videoSpout,911,0,1532314544525,1532314544527,2,10.10.21.1
rectificationBolt,911,0,1532314544532,1532314544540,8,10.10.21.2
partitionBolt,911,0,1532314544540,1532314544545,5,10.10.21.2
disparityBoltSub,911,0,1532314544549,1532314544565,16,10.10.21.4
disparityBoltSub,911,1,1532314544549,1532314544586,37,10.10.21.1
disparityBoltSub,911,2,1532314544550,1532314544584,34,10.10.21.4
disparityBoltSub,911,3,1532314544549,1532314544582,33,10.10.21.6
disparityBoltSub,911,4,1532314544552,1532314544589,37,10.10.21.3
disparityBoltSub,911,5,1532314544550,1532314544582,32,10.10.21.2
disparityBoltSub,911,6,1532314544550,1532314544583,33,10.10.21.2
disparityBoltSub,911,7,1532314544551,1532314544585,34,10.10.21.6
disparityBoltSub,911,8,1532314544551,1532314544583,32,10.10.21.4
disparityBoltSub,911,9,1532314544552,1532314544582,30,10.10.21.5
disparityBoltSub,911,10,1532314544553,1532314544586,33,10.10.21.1
disparityBoltSub,911,11,1532314544552,1532314544585,33,10.10.21.1
disparityBoltSub,911,12,1532314544553,1532314544588,35,10.10.21.3
disparityBoltSub,911,13,1532314544553,1532314544584,31,10.10.21.5
disparityBoltSub,911,14,1532314544553,1532314544591,38,10.10.21.5
disparityBoltSub,911,15,1532314544554,1532314544570,16,10.10.21.6
disparityBolt,911,0,0,0,42,0
mergeBolt,911,0,1532314544593,1532314544596,3,10.10.21.3
reprojectionBolt,911,0,1532314544596,1532314544606,10,null
overall,911,0,1532314544525,1532314544606,81,0
videoSpout,912,0,1532314544627,1532314544628,1,10.10.21.1
rectificationBolt,912,0,1532314544632,1532314544640,8,10.10.21.1
partitionBolt,912,0,1532314544640,1532314544644,4,10.10.21.1
disparityBoltSub,912,0,1532314544648,1532314544665,17,10.10.21.4
disparityBoltSub,912,1,1532314544649,1532314544684,35,10.10.21.6
disparityBoltSub,912,2,1532314544648,1532314544685,37,10.10.21.1
disparityBoltSub,912,3,1532314544647,1532314544682,35,10.10.21.3
disparityBoltSub,912,4,1532314544649,1532314544682,33,10.10.21.4
disparityBoltSub,912,5,1532314544650,1532314544683,33,10.10.21.6
disparityBoltSub,912,6,1532314544649,1532314544682,33,10.10.21.5
disparityBoltSub,912,7,1532314544650,1532314544685,35,10.10.21.6
disparityBoltSub,912,8,1532314544650,1532314544686,36,10.10.21.3
disparityBoltSub,912,9,1532314544651,1532314544683,32,10.10.21.5
disparityBoltSub,912,10,1532314544652,1532314544685,33,10.10.21.5
disparityBoltSub,912,11,1532314544652,1532314544682,30,10.10.21.2
disparityBoltSub,912,12,1532314544651,1532314544683,32,10.10.21.7
disparityBoltSub,912,13,1532314544653,1532314544683,30,10.10.21.6
disparityBoltSub,912,14,1532314544654,1532314544683,29,10.10.21.5
disparityBoltSub,912,15,1532314544653,1532314544669,16,10.10.21.5
disparityBolt,912,0,0,0,39,0
mergeBolt,912,0,1532314544689,1532314544692,3,10.10.21.1
reprojectionBolt,912,0,1532314544692,1532314544702,10,null
overall,912,0,1532314544627,1532314544702,75,0
videoSpout,913,0,1532314544729,1532314544731,2,10.10.21.1
rectificationBolt,913,0,1532314544734,1532314544743,9,10.10.21.1
partitionBolt,913,0,1532314544743,1532314544747,4,10.10.21.1
disparityBoltSub,913,0,1532314544750,1532314544766,16,10.10.21.6
disparityBoltSub,913,1,1532314544750,1532314544811,61,10.10.21.4
disparityBoltSub,913,2,1532314544751,1532314544813,62,10.10.21.4
disparityBoltSub,913,3,1532314544752,1532314544785,33,10.10.21.6
disparityBoltSub,913,4,1532314544753,1532314544813,60,10.10.21.4
disparityBoltSub,913,5,1532314544751,1532314544783,32,10.10.21.2
disparityBoltSub,913,6,1532314544750,1532314544785,35,10.10.21.1
disparityBoltSub,913,7,1532314544752,1532314544788,36,10.10.21.3
disparityBoltSub,913,8,1532314544752,1532314544785,33,10.10.21.6
disparityBoltSub,913,9,1532314544754,1532314544785,31,10.10.21.6
disparityBoltSub,913,10,1532314544753,1532314544785,32,10.10.21.1
disparityBoltSub,913,11,1532314544753,1532314544811,58,10.10.21.4
disparityBoltSub,913,12,1532314544753,1532314544784,31,10.10.21.7
disparityBoltSub,913,13,1532314544755,1532314544785,30,10.10.21.6
disparityBoltSub,913,14,1532314544754,1532314544783,29,10.10.21.7
disparityBoltSub,913,15,1532314544753,1532314544769,16,10.10.21.5
disparityBolt,913,0,0,0,63,0
mergeBolt,913,0,1532314544816,1532314544819,3,10.10.21.2
reprojectionBolt,913,0,1532314544819,1532314544831,12,null
overall,913,0,1532314544729,1532314544831,102,0
videoSpout,914,0,1532314544831,1532314544832,1,10.10.21.1
rectificationBolt,914,0,1532314544840,1532314544849,9,10.10.21.7
partitionBolt,914,0,1532314544849,1532314544853,4,10.10.21.7
disparityBoltSub,914,0,1532314544859,1532314544876,17,10.10.21.2
disparityBoltSub,914,1,1532314544857,1532314544891,34,10.10.21.6
disparityBoltSub,914,2,1532314544857,1532314544893,36,10.10.21.4
disparityBoltSub,914,3,1532314544857,1532314544892,35,10.10.21.4
disparityBoltSub,914,4,1532314544857,1532314544891,34,10.10.21.6
disparityBoltSub,914,5,1532314544859,1532314544893,34,10.10.21.2
disparityBoltSub,914,6,1532314544860,1532314544893,33,10.10.21.2
disparityBoltSub,914,7,1532314544859,1532314544895,36,10.10.21.5
disparityBoltSub,914,8,1532314544861,1532314544895,34,10.10.21.4
disparityBoltSub,914,9,1532314544858,1532314544889,31,10.10.21.4
disparityBoltSub,914,10,1532314544859,1532314544889,30,10.10.21.4
disparityBoltSub,914,11,1532314544861,1532314544894,33,10.10.21.3
disparityBoltSub,914,12,1532314544861,1532314544894,33,10.10.21.3
disparityBoltSub,914,13,1532314544860,1532314544889,29,10.10.21.7
disparityBoltSub,914,14,1532314544861,1532314544891,30,10.10.21.2
disparityBoltSub,914,15,1532314544861,1532314544877,16,10.10.21.6
disparityBolt,914,0,0,0,38,0
mergeBolt,914,0,1532314544898,1532314544901,3,10.10.21.4
reprojectionBolt,914,0,1532314544901,1532314544911,10,null
overall,914,0,1532314544831,1532314544911,80,0
videoSpout,915,0,1532314544933,1532314544935,2,10.10.21.1
rectificationBolt,915,0,1532314544941,1532314544951,10,10.10.21.1
partitionBolt,915,0,1532314544952,1532314544957,5,10.10.21.1
disparityBoltSub,915,0,1532314544961,1532314544979,18,10.10.21.1
disparityBoltSub,915,1,1532314544961,1532314544994,33,10.10.21.2
disparityBoltSub,915,2,1532314544961,1532314544997,36,10.10.21.3
disparityBoltSub,915,3,1532314544962,1532314544995,33,10.10.21.5
disparityBoltSub,915,4,1532314544962,1532314544998,36,10.10.21.1
disparityBoltSub,915,5,1532314544963,1532314544997,34,10.10.21.4
disparityBoltSub,915,6,1532314544964,1532314544998,34,10.10.21.2
disparityBoltSub,915,7,1532314544965,1532314545004,39,10.10.21.1
disparityBoltSub,915,8,1532314544966,1532314544999,33,10.10.21.6
disparityBoltSub,915,9,1532314544967,1532314544999,32,10.10.21.5
disparityBoltSub,915,10,1532314544969,1532314544999,30,10.10.21.4
disparityBoltSub,915,11,1532314544969,1532314545003,34,10.10.21.1
disparityBoltSub,915,12,1532314544970,1532314545001,31,10.10.21.7
disparityBoltSub,915,13,1532314544972,1532314545003,31,10.10.21.7
disparityBoltSub,915,14,1532314544972,1532314545001,29,10.10.21.4
disparityBoltSub,915,15,1532314544974,1532314544990,16,10.10.21.4
disparityBolt,915,0,0,0,43,0
mergeBolt,915,0,1532314545006,1532314545009,3,10.10.21.6
reprojectionBolt,915,0,1532314545010,1532314545019,9,null
overall,915,0,1532314544933,1532314545019,86,0
videoSpout,916,0,1532314545035,1532314545038,3,10.10.21.1
rectificationBolt,916,0,1532314545046,1532314545054,8,10.10.21.5
partitionBolt,916,0,1532314545054,1532314545059,5,10.10.21.5
disparityBoltSub,916,0,1532314545061,1532314545078,17,10.10.21.7
disparityBoltSub,916,1,1532314545063,1532314545108,45,10.10.21.3
disparityBoltSub,916,2,1532314545063,1532314545098,35,10.10.21.6
disparityBoltSub,916,3,1532314545063,1532314545097,34,10.10.21.7
disparityBoltSub,916,4,1532314545064,1532314545097,33,10.10.21.7
disparityBoltSub,916,5,1532314545064,1532314545097,33,10.10.21.4
disparityBoltSub,916,6,1532314545064,1532314545097,33,10.10.21.4
disparityBoltSub,916,7,1532314545065,1532314545101,36,10.10.21.1
disparityBoltSub,916,8,1532314545065,1532314545102,37,10.10.21.1
disparityBoltSub,916,9,1532314545066,1532314545097,31,10.10.21.2
disparityBoltSub,916,10,1532314545066,1532314545096,30,10.10.21.4
disparityBoltSub,916,11,1532314545068,1532314545100,32,10.10.21.6
disparityBoltSub,916,12,1532314545068,1532314545099,31,10.10.21.6
disparityBoltSub,916,13,1532314545067,1532314545097,30,10.10.21.7
disparityBoltSub,916,14,1532314545068,1532314545099,31,10.10.21.3
disparityBoltSub,916,15,1532314545068,1532314545084,16,10.10.21.2
disparityBolt,916,0,0,0,47,0
mergeBolt,916,0,1532314545110,1532314545113,3,10.10.21.7
reprojectionBolt,916,0,1532314545113,1532314545123,10,null
overall,916,0,1532314545035,1532314545123,88,0
videoSpout,917,0,1532314545138,1532314545141,3,10.10.21.1
rectificationBolt,917,0,1532314545148,1532314545156,8,10.10.21.4
partitionBolt,917,0,1532314545156,1532314545161,5,10.10.21.4
disparityBoltSub,917,0,1532314545164,1532314545182,18,10.10.21.6
disparityBoltSub,917,1,1532314545165,1532314545199,34,10.10.21.6
disparityBoltSub,917,2,1532314545165,1532314545201,36,10.10.21.3
disparityBoltSub,917,3,1532314545165,1532314545200,35,10.10.21.4
disparityBoltSub,917,4,1532314545166,1532314545199,33,10.10.21.2
disparityBoltSub,917,5,1532314545166,1532314545199,33,10.10.21.5
disparityBoltSub,917,6,1532314545166,1532314545200,34,10.10.21.7
disparityBoltSub,917,7,1532314545167,1532314545202,35,10.10.21.6
disparityBoltSub,917,8,1532314545167,1532314545200,33,10.10.21.2
disparityBoltSub,917,9,1532314545168,1532314545199,31,10.10.21.5
disparityBoltSub,917,10,1532314545168,1532314545200,32,10.10.21.1
disparityBoltSub,917,11,1532314545167,1532314545201,34,10.10.21.3
disparityBoltSub,917,12,1532314545169,1532314545200,31,10.10.21.7
disparityBoltSub,917,13,1532314545170,1532314545199,29,10.10.21.7
disparityBoltSub,917,14,1532314545169,1532314545200,31,10.10.21.3
disparityBoltSub,917,15,1532314545168,1532314545185,17,10.10.21.7
disparityBolt,917,0,0,0,38,0
mergeBolt,917,0,1532314545204,1532314545207,3,10.10.21.5
reprojectionBolt,917,0,1532314545208,1532314545218,10,null
overall,917,0,1532314545138,1532314545218,80,0
videoSpout,918,0,1532314545241,1532314545243,2,10.10.21.1
rectificationBolt,918,0,1532314545249,1532314545258,9,10.10.21.4
partitionBolt,918,0,1532314545258,1532314545263,5,10.10.21.4
disparityBoltSub,918,0,1532314545266,1532314545284,18,10.10.21.1
disparityBoltSub,918,1,1532314545267,1532314545303,36,10.10.21.4
disparityBoltSub,918,2,1532314545268,1532314545301,33,10.10.21.5
disparityBoltSub,918,3,1532314545268,1532314545304,36,10.10.21.1
disparityBoltSub,918,4,1532314545268,1532314545302,34,10.10.21.3
disparityBoltSub,918,5,1532314545269,1532314545302,33,10.10.21.4
disparityBoltSub,918,6,1532314545270,1532314545306,36,10.10.21.1
disparityBoltSub,918,7,1532314545269,1532314545306,37,10.10.21.1
disparityBoltSub,918,8,1532314545271,1532314545305,34,10.10.21.7
disparityBoltSub,918,9,1532314545271,1532314545302,31,10.10.21.6
disparityBoltSub,918,10,1532314545272,1532314545302,30,10.10.21.7
disparityBoltSub,918,11,1532314545272,1532314545303,31,10.10.21.4
disparityBoltSub,918,12,1532314545273,1532314545303,30,10.10.21.2
disparityBoltSub,918,13,1532314545274,1532314545303,29,10.10.21.7
disparityBoltSub,918,14,1532314545274,1532314545304,30,10.10.21.6
disparityBoltSub,918,15,1532314545275,1532314545291,16,10.10.21.4
disparityBolt,918,0,0,0,40,0
mergeBolt,918,0,1532314545308,1532314545312,4,10.10.21.3
reprojectionBolt,918,0,1532314545312,1532314545326,14,null
overall,918,0,1532314545241,1532314545326,85,0
videoSpout,919,0,1532314545343,1532314545345,2,10.10.21.1
rectificationBolt,919,0,1532314545351,1532314545362,11,10.10.21.5
partitionBolt,919,0,1532314545362,1532314545366,4,10.10.21.5
disparityBoltSub,919,0,1532314545369,1532314545387,18,10.10.21.1
disparityBoltSub,919,1,1532314545369,1532314545402,33,10.10.21.4
disparityBoltSub,919,2,1532314545369,1532314545403,34,10.10.21.4
disparityBoltSub,919,3,1532314545370,1532314545404,34,10.10.21.3
disparityBoltSub,919,4,1532314545372,1532314545407,35,10.10.21.1
disparityBoltSub,919,5,1532314545371,1532314545406,35,10.10.21.5
disparityBoltSub,919,6,1532314545371,1532314545406,35,10.10.21.1
disparityBoltSub,919,7,1532314545372,1532314545408,36,10.10.21.1
disparityBoltSub,919,8,1532314545371,1532314545406,35,10.10.21.1
disparityBoltSub,919,9,1532314545371,1532314545404,33,10.10.21.1
disparityBoltSub,919,10,1532314545373,1532314545402,29,10.10.21.2
disparityBoltSub,919,11,1532314545373,1532314545405,32,10.10.21.6
disparityBoltSub,919,12,1532314545373,1532314545404,31,10.10.21.6
disparityBoltSub,919,13,1532314545373,1532314545404,31,10.10.21.2
disparityBoltSub,919,14,1532314545372,1532314545401,29,10.10.21.6
disparityBoltSub,919,15,1532314545373,1532314545390,17,10.10.21.6
disparityBolt,919,0,0,0,39,0
mergeBolt,919,0,1532314545410,1532314545413,3,10.10.21.1
reprojectionBolt,919,0,1532314545413,1532314545424,11,null
overall,919,0,1532314545343,1532314545424,81,0
videoSpout,920,0,1532314545445,1532314545447,2,10.10.21.1
rectificationBolt,920,0,1532314545454,1532314545464,10,10.10.21.2
partitionBolt,920,0,1532314545464,1532314545470,6,10.10.21.2
disparityBoltSub,920,0,1532314545485,1532314545501,16,10.10.21.5
disparityBoltSub,920,1,1532314545474,1532314545507,33,10.10.21.2
disparityBoltSub,920,2,1532314545473,1532314545507,34,10.10.21.2
disparityBoltSub,920,3,1532314545475,1532314545508,33,10.10.21.4
disparityBoltSub,920,4,1532314545474,1532314545507,33,10.10.21.2
disparityBoltSub,920,5,1532314545475,1532314545508,33,10.10.21.4
disparityBoltSub,920,6,1532314545477,1532314545513,36,10.10.21.3
disparityBoltSub,920,7,1532314545476,1532314545509,33,10.10.21.6
disparityBoltSub,920,8,1532314545476,1532314545511,35,10.10.21.2
disparityBoltSub,920,9,1532314545477,1532314545508,31,10.10.21.4
disparityBoltSub,920,10,1532314545478,1532314545516,38,10.10.21.3
disparityBoltSub,920,11,1532314545477,1532314545508,31,10.10.21.5
disparityBoltSub,920,12,1532314545479,1532314545511,32,10.10.21.7
disparityBoltSub,920,13,1532314545478,1532314545508,30,10.10.21.6
disparityBoltSub,920,14,1532314545479,1532314545509,30,10.10.21.7
disparityBoltSub,920,15,1532314545479,1532314545495,16,10.10.21.7
disparityBolt,920,0,0,0,43,0
mergeBolt,920,0,1532314545518,1532314545521,3,10.10.21.2
reprojectionBolt,920,0,1532314545522,1532314545532,10,null
overall,920,0,1532314545445,1532314545532,87,0
videoSpout,921,0,1532314545548,1532314545550,2,10.10.21.1
rectificationBolt,921,0,1532314545555,1532314545564,9,10.10.21.1
partitionBolt,921,0,1532314545564,1532314545570,6,10.10.21.1
disparityBoltSub,921,0,1532314545574,1532314545590,16,10.10.21.2
disparityBoltSub,921,1,1532314545573,1532314545609,36,10.10.21.3
disparityBoltSub,921,2,1532314545574,1532314545608,34,10.10.21.7
disparityBoltSub,921,3,1532314545574,1532314545610,36,10.10.21.1
disparityBoltSub,921,4,1532314545574,1532314545609,35,10.10.21.3
disparityBoltSub,921,5,1532314545576,1532314545610,34,10.10.21.2
disparityBoltSub,921,6,1532314545576,1532314545609,33,10.10.21.2
disparityBoltSub,921,7,1532314545576,1532314545618,42,10.10.21.1
disparityBoltSub,921,8,1532314545577,1532314545610,33,10.10.21.5
disparityBoltSub,921,9,1532314545576,1532314545607,31,10.10.21.2
disparityBoltSub,921,10,1532314545578,1532314545609,31,10.10.21.5
disparityBoltSub,921,11,1532314545579,1532314545611,32,10.10.21.2
disparityBoltSub,921,12,1532314545579,1532314545609,30,10.10.21.5
disparityBoltSub,921,13,1532314545582,1532314545612,30,10.10.21.5
disparityBoltSub,921,14,1532314545581,1532314545615,34,10.10.21.1
disparityBoltSub,921,15,1532314545582,1532314545598,16,10.10.21.6
disparityBolt,921,0,0,0,45,0
mergeBolt,921,0,1532314545620,1532314545624,4,10.10.21.4
reprojectionBolt,921,0,1532314545624,1532314545634,10,null
overall,921,0,1532314545548,1532314545634,86,0
videoSpout,922,0,1532314545650,1532314545652,2,10.10.21.1
rectificationBolt,922,0,1532314545657,1532314545665,8,10.10.21.2
partitionBolt,922,0,1532314545665,1532314545669,4,10.10.21.2
disparityBoltSub,922,0,1532314545673,1532314545692,19,10.10.21.6
disparityBoltSub,922,1,1532314545672,1532314545705,33,10.10.21.7
disparityBoltSub,922,2,1532314545673,1532314545707,34,10.10.21.2
disparityBoltSub,922,3,1532314545674,1532314545708,34,10.10.21.6
disparityBoltSub,922,4,1532314545676,1532314545710,34,10.10.21.5
disparityBoltSub,922,5,1532314545674,1532314545707,33,10.10.21.6
disparityBoltSub,922,6,1532314545675,1532314545708,33,10.10.21.5
disparityBoltSub,922,7,1532314545674,1532314545708,34,10.10.21.5
disparityBoltSub,922,8,1532314545676,1532314545711,35,10.10.21.1
disparityBoltSub,922,9,1532314545674,1532314545707,33,10.10.21.2
disparityBoltSub,922,10,1532314545675,1532314545707,32,10.10.21.3
disparityBoltSub,922,11,1532314545675,1532314545708,33,10.10.21.1
disparityBoltSub,922,12,1532314545676,1532314545707,31,10.10.21.6
disparityBoltSub,922,13,1532314545676,1532314545707,31,10.10.21.5
disparityBoltSub,922,14,1532314545676,1532314545707,31,10.10.21.7
disparityBoltSub,922,15,1532314545677,1532314545693,16,10.10.21.7
disparityBolt,922,0,0,0,39,0
mergeBolt,922,0,1532314545713,1532314545717,4,10.10.21.6
reprojectionBolt,922,0,1532314545717,1532314545727,10,null
overall,922,0,1532314545650,1532314545727,77,0
videoSpout,923,0,1532314545752,1532314545753,1,10.10.21.1
rectificationBolt,923,0,1532314545760,1532314545769,9,10.10.21.5
partitionBolt,923,0,1532314545769,1532314545776,7,10.10.21.5
disparityBoltSub,923,0,1532314545778,1532314545794,16,10.10.21.6
disparityBoltSub,923,1,1532314545779,1532314545815,36,10.10.21.7
disparityBoltSub,923,2,1532314545780,1532314545817,37,10.10.21.1
disparityBoltSub,923,3,1532314545781,1532314545816,35,10.10.21.3
disparityBoltSub,923,4,1532314545780,1532314545812,32,10.10.21.7
disparityBoltSub,923,5,1532314545781,1532314545813,32,10.10.21.7
disparityBoltSub,923,6,1532314545789,1532314545825,36,10.10.21.1
disparityBoltSub,923,7,1532314545789,1532314545823,34,10.10.21.6
disparityBoltSub,923,8,1532314545789,1532314545822,33,10.10.21.6
disparityBoltSub,923,9,1532314545790,1532314545821,31,10.10.21.2
disparityBoltSub,923,10,1532314545791,1532314545823,32,10.10.21.7
disparityBoltSub,923,11,1532314545791,1532314545822,31,10.10.21.2
disparityBoltSub,923,12,1532314545792,1532314545826,34,10.10.21.1
disparityBoltSub,923,13,1532314545790,1532314545821,31,10.10.21.5
disparityBoltSub,923,14,1532314545795,1532314545826,31,10.10.21.2
disparityBoltSub,923,15,1532314545793,1532314545809,16,10.10.21.5
disparityBolt,923,0,0,0,48,0
mergeBolt,923,0,1532314545828,1532314545831,3,10.10.21.7
reprojectionBolt,923,0,1532314545831,1532314545841,10,null
overall,923,0,1532314545752,1532314545841,89,0
videoSpout,924,0,1532314545854,1532314545855,1,10.10.21.1
rectificationBolt,924,0,1532314545861,1532314545871,10,10.10.21.7
partitionBolt,924,0,1532314545871,1532314545876,5,10.10.21.7
disparityBoltSub,924,0,1532314545879,1532314545896,17,10.10.21.7
disparityBoltSub,924,1,1532314545879,1532314545915,36,10.10.21.2
disparityBoltSub,924,2,1532314545880,1532314545914,34,10.10.21.6
disparityBoltSub,924,3,1532314545881,1532314545916,35,10.10.21.3
disparityBoltSub,924,4,1532314545881,1532314545914,33,10.10.21.4
disparityBoltSub,924,5,1532314545882,1532314545916,34,10.10.21.5
disparityBoltSub,924,6,1532314545882,1532314545916,34,10.10.21.7
disparityBoltSub,924,7,1532314545882,1532314545917,35,10.10.21.3
disparityBoltSub,924,8,1532314545883,1532314545916,33,10.10.21.5
disparityBoltSub,924,9,1532314545884,1532314545916,32,10.10.21.1
disparityBoltSub,924,10,1532314545883,1532314545913,30,10.10.21.2
disparityBoltSub,924,11,1532314545884,1532314545917,33,10.10.21.1
disparityBoltSub,924,12,1532314545884,1532314545914,30,10.10.21.2
disparityBoltSub,924,13,1532314545885,1532314545915,30,10.10.21.2
disparityBoltSub,924,14,1532314545886,1532314545917,31,10.10.21.2
disparityBoltSub,924,15,1532314545885,1532314545901,16,10.10.21.7
disparityBolt,924,0,0,0,38,0
mergeBolt,924,0,1532314545919,1532314545923,4,10.10.21.5
reprojectionBolt,924,0,1532314545923,1532314545934,11,null
overall,924,0,1532314545854,1532314545934,80,0
videoSpout,925,0,1532314545955,1532314545957,2,10.10.21.1
rectificationBolt,925,0,1532314545962,1532314545970,8,10.10.21.7
partitionBolt,925,0,1532314545970,1532314545974,4,10.10.21.7
disparityBoltSub,925,0,1532314545978,1532314545995,17,10.10.21.6
disparityBoltSub,925,1,1532314545978,1532314546011,33,10.10.21.6
disparityBoltSub,925,2,1532314545977,1532314546011,34,10.10.21.5
disparityBoltSub,925,3,1532314545977,1532314546013,36,10.10.21.7
disparityBoltSub,925,4,1532314545979,1532314546012,33,10.10.21.2
disparityBoltSub,925,5,1532314545979,1532314546013,34,10.10.21.2
disparityBoltSub,925,6,1532314545979,1532314546012,33,10.10.21.4
disparityBoltSub,925,7,1532314545978,1532314546012,34,10.10.21.5
disparityBoltSub,925,8,1532314545988,1532314546022,34,10.10.21.7
disparityBoltSub,925,9,1532314545987,1532314546018,31,10.10.21.5
disparityBoltSub,925,10,1532314545987,1532314546018,31,10.10.21.3
disparityBoltSub,925,11,1532314545987,1532314546045,58,10.10.21.1
disparityBoltSub,925,12,1532314545988,1532314546045,57,10.10.21.1
disparityBoltSub,925,13,1532314545989,1532314546019,30,10.10.21.6
disparityBoltSub,925,14,1532314545989,1532314546020,31,10.10.21.3
disparityBoltSub,925,15,1532314545989,1532314546005,16,10.10.21.5
disparityBolt,925,0,0,0,68,0
mergeBolt,925,0,1532314546047,1532314546051,4,10.10.21.3
reprojectionBolt,925,0,1532314546051,1532314546062,11,null
overall,925,0,1532314545955,1532314546062,107,0
videoSpout,926,0,1532314546057,1532314546059,2,10.10.21.1
rectificationBolt,926,0,1532314546065,1532314546080,15,10.10.21.5
partitionBolt,926,0,1532314546080,1532314546086,6,10.10.21.5
disparityBoltSub,926,0,1532314546088,1532314546105,17,10.10.21.4
disparityBoltSub,926,1,1532314546091,1532314546125,34,10.10.21.2
disparityBoltSub,926,2,1532314546091,1532314546129,38,10.10.21.1
disparityBoltSub,926,3,1532314546090,1532314546123,33,10.10.21.6
disparityBoltSub,926,4,1532314546091,1532314546128,37,10.10.21.1
disparityBoltSub,926,5,1532314546092,1532314546127,35,10.10.21.1
disparityBoltSub,926,6,1532314546091,1532314546124,33,10.10.21.5
disparityBoltSub,926,7,1532314546092,1532314546148,56,10.10.21.2
disparityBoltSub,926,8,1532314546091,1532314546125,34,10.10.21.7
disparityBoltSub,926,9,1532314546091,1532314546123,32,10.10.21.4
disparityBoltSub,926,10,1532314546091,1532314546121,30,10.10.21.5
disparityBoltSub,926,11,1532314546093,1532314546123,30,10.10.21.5
disparityBoltSub,926,12,1532314546094,1532314546124,30,10.10.21.6
disparityBoltSub,926,13,1532314546093,1532314546145,52,10.10.21.2
disparityBoltSub,926,14,1532314546093,1532314546121,28,10.10.21.7
disparityBoltSub,926,15,1532314546092,1532314546110,18,10.10.21.3
disparityBolt,926,0,0,0,60,0
mergeBolt,926,0,1532314546150,1532314546154,4,10.10.21.1
reprojectionBolt,926,0,1532314546154,1532314546165,11,null
overall,926,0,1532314546057,1532314546165,108,0
videoSpout,927,0,1532314546159,1532314546160,1,10.10.21.1
rectificationBolt,927,0,1532314546168,1532314546177,9,10.10.21.6
partitionBolt,927,0,1532314546177,1532314546184,7,10.10.21.6
disparityBoltSub,927,0,1532314546189,1532314546206,17,10.10.21.2
disparityBoltSub,927,1,1532314546188,1532314546223,35,10.10.21.6
disparityBoltSub,927,2,1532314546188,1532314546222,34,10.10.21.5
disparityBoltSub,927,3,1532314546189,1532314546224,35,10.10.21.1
disparityBoltSub,927,4,1532314546189,1532314546221,32,10.10.21.7
disparityBoltSub,927,5,1532314546190,1532314546235,45,10.10.21.3
disparityBoltSub,927,6,1532314546191,1532314546224,33,10.10.21.5
disparityBoltSub,927,7,1532314546190,1532314546240,50,10.10.21.6
disparityBoltSub,927,8,1532314546192,1532314546225,33,10.10.21.7
disparityBoltSub,927,9,1532314546191,1532314546224,33,10.10.21.2
disparityBoltSub,927,10,1532314546191,1532314546221,30,10.10.21.6
disparityBoltSub,927,11,1532314546192,1532314546223,31,10.10.21.4
disparityBoltSub,927,12,1532314546192,1532314546226,34,10.10.21.3
disparityBoltSub,927,13,1532314546194,1532314546224,30,10.10.21.7
disparityBoltSub,927,14,1532314546193,1532314546223,30,10.10.21.5
disparityBoltSub,927,15,1532314546194,1532314546225,31,10.10.21.6
disparityBolt,927,0,0,0,52,0
mergeBolt,927,0,1532314546241,1532314546244,3,10.10.21.2
reprojectionBolt,927,0,1532314546244,1532314546254,10,null
overall,927,0,1532314546159,1532314546254,95,0
videoSpout,928,0,1532314546261,1532314546262,1,10.10.21.1
rectificationBolt,928,0,1532314546267,1532314546277,10,10.10.21.3
partitionBolt,928,0,1532314546277,1532314546284,7,10.10.21.3
disparityBoltSub,928,0,1532314546288,1532314546307,19,10.10.21.2
disparityBoltSub,928,1,1532314546288,1532314546322,34,10.10.21.6
disparityBoltSub,928,2,1532314546289,1532314546322,33,10.10.21.4
disparityBoltSub,928,3,1532314546290,1532314546325,35,10.10.21.1
disparityBoltSub,928,4,1532314546289,1532314546321,32,10.10.21.4
disparityBoltSub,928,5,1532314546289,1532314546322,33,10.10.21.7
disparityBoltSub,928,6,1532314546290,1532314546324,34,10.10.21.4
disparityBoltSub,928,7,1532314546291,1532314546324,33,10.10.21.6
disparityBoltSub,928,8,1532314546292,1532314546328,36,10.10.21.3
disparityBoltSub,928,9,1532314546292,1532314546323,31,10.10.21.5
disparityBoltSub,928,10,1532314546292,1532314546324,32,10.10.21.4
disparityBoltSub,928,11,1532314546293,1532314546327,34,10.10.21.3
disparityBoltSub,928,12,1532314546293,1532314546324,31,10.10.21.7
disparityBoltSub,928,13,1532314546294,1532314546326,32,10.10.21.3
disparityBoltSub,928,14,1532314546294,1532314546326,32,10.10.21.1
disparityBoltSub,928,15,1532314546293,1532314546309,16,10.10.21.5
disparityBolt,928,0,0,0,40,0
mergeBolt,928,0,1532314546331,1532314546334,3,10.10.21.4
reprojectionBolt,928,0,1532314546334,1532314546344,10,null
overall,928,0,1532314546261,1532314546344,83,0
videoSpout,929,0,1532314546362,1532314546364,2,10.10.21.1
rectificationBolt,929,0,1532314546370,1532314546377,7,10.10.21.7
partitionBolt,929,0,1532314546377,1532314546382,5,10.10.21.7
disparityBoltSub,929,0,1532314546384,1532314546401,17,10.10.21.5
disparityBoltSub,929,1,1532314546385,1532314546419,34,10.10.21.2
disparityBoltSub,929,2,1532314546386,1532314546420,34,10.10.21.4
disparityBoltSub,929,3,1532314546386,1532314546422,36,10.10.21.1
disparityBoltSub,929,4,1532314546387,1532314546421,34,10.10.21.2
disparityBoltSub,929,5,1532314546387,1532314546420,33,10.10.21.2
disparityBoltSub,929,6,1532314546390,1532314546425,35,10.10.21.6
disparityBoltSub,929,7,1532314546389,1532314546424,35,10.10.21.7
disparityBoltSub,929,8,1532314546391,1532314546424,33,10.10.21.6
disparityBoltSub,929,9,1532314546391,1532314546423,32,10.10.21.7
disparityBoltSub,929,10,1532314546392,1532314546422,30,10.10.21.5
disparityBoltSub,929,11,1532314546392,1532314546423,31,10.10.21.6
disparityBoltSub,929,12,1532314546394,1532314546425,31,10.10.21.5
disparityBoltSub,929,13,1532314546393,1532314546424,31,10.10.21.4
disparityBoltSub,929,14,1532314546393,1532314546422,29,10.10.21.4
disparityBoltSub,929,15,1532314546393,1532314546410,17,10.10.21.6
disparityBolt,929,0,0,0,41,0
mergeBolt,929,0,1532314546427,1532314546430,3,10.10.21.1
reprojectionBolt,929,0,1532314546431,1532314546441,10,null
overall,929,0,1532314546362,1532314546441,79,0
videoSpout,930,0,1532314546464,1532314546465,1,10.10.21.1
rectificationBolt,930,0,1532314546473,1532314546482,9,10.10.21.3
partitionBolt,930,0,1532314546483,1532314546490,7,10.10.21.3
disparityBoltSub,930,0,1532314546493,1532314546511,18,10.10.21.1
disparityBoltSub,930,1,1532314546494,1532314546528,34,10.10.21.6
disparityBoltSub,930,2,1532314546494,1532314546528,34,10.10.21.4
disparityBoltSub,930,3,1532314546495,1532314546528,33,10.10.21.2
disparityBoltSub,930,4,1532314546496,1532314546528,32,10.10.21.2
disparityBoltSub,930,5,1532314546495,1532314546529,34,10.10.21.7
disparityBoltSub,930,6,1532314546496,1532314546529,33,10.10.21.2
disparityBoltSub,930,7,1532314546496,1532314546533,37,10.10.21.3
disparityBoltSub,930,8,1532314546497,1532314546529,32,10.10.21.7
disparityBoltSub,930,9,1532314546498,1532314546531,33,10.10.21.1
disparityBoltSub,930,10,1532314546499,1532314546531,32,10.10.21.2
disparityBoltSub,930,11,1532314546498,1532314546529,31,10.10.21.4
disparityBoltSub,930,12,1532314546500,1532314546534,34,10.10.21.1
disparityBoltSub,930,13,1532314546499,1532314546529,30,10.10.21.2
disparityBoltSub,930,14,1532314546500,1532314546530,30,10.10.21.5
disparityBoltSub,930,15,1532314546500,1532314546517,17,10.10.21.2
disparityBolt,930,0,0,0,41,0
mergeBolt,930,0,1532314546536,1532314546539,3,10.10.21.2
reprojectionBolt,930,0,1532314546540,1532314546549,9,null
overall,930,0,1532314546464,1532314546549,85,0
videoSpout,931,0,1532314546565,1532314546567,2,10.10.21.1
rectificationBolt,931,0,1532314546572,1532314546579,7,10.10.21.5
partitionBolt,931,0,1532314546579,1532314546584,5,10.10.21.5
disparityBoltSub,931,0,1532314546589,1532314546606,17,10.10.21.4
disparityBoltSub,931,1,1532314546591,1532314546624,33,10.10.21.6
disparityBoltSub,931,2,1532314546588,1532314546624,36,10.10.21.6
disparityBoltSub,931,3,1532314546589,1532314546622,33,10.10.21.2
disparityBoltSub,931,4,1532314546591,1532314546625,34,10.10.21.7
disparityBoltSub,931,5,1532314546590,1532314546622,32,10.10.21.2
disparityBoltSub,931,6,1532314546591,1532314546629,38,10.10.21.3
disparityBoltSub,931,7,1532314546590,1532314546624,34,10.10.21.5
disparityBoltSub,931,8,1532314546592,1532314546625,33,10.10.21.6
disparityBoltSub,931,9,1532314546592,1532314546623,31,10.10.21.6
disparityBoltSub,931,10,1532314546591,1532314546622,31,10.10.21.1
disparityBoltSub,931,11,1532314546592,1532314546623,31,10.10.21.2
disparityBoltSub,931,12,1532314546593,1532314546624,31,10.10.21.4
disparityBoltSub,931,13,1532314546593,1532314546622,29,10.10.21.6
disparityBoltSub,931,14,1532314546591,1532314546623,32,10.10.21.7
disparityBoltSub,931,15,1532314546592,1532314546608,16,10.10.21.6
disparityBolt,931,0,0,0,41,0
mergeBolt,931,0,1532314546632,1532314546636,4,10.10.21.4
reprojectionBolt,931,0,1532314546636,1532314546647,11,null
overall,931,0,1532314546565,1532314546647,82,0
videoSpout,932,0,1532314546667,1532314546670,3,10.10.21.1
rectificationBolt,932,0,1532314546677,1532314546688,11,10.10.21.6
partitionBolt,932,0,1532314546688,1532314546694,6,10.10.21.6
disparityBoltSub,932,0,1532314546697,1532314546713,16,10.10.21.4
disparityBoltSub,932,1,1532314546697,1532314546733,36,10.10.21.3
disparityBoltSub,932,2,1532314546698,1532314546731,33,10.10.21.4
disparityBoltSub,932,3,1532314546698,1532314546731,33,10.10.21.7
disparityBoltSub,932,4,1532314546696,1532314546731,35,10.10.21.6
disparityBoltSub,932,5,1532314546698,1532314546731,33,10.10.21.5
disparityBoltSub,932,6,1532314546699,1532314546732,33,10.10.21.5
disparityBoltSub,932,7,1532314546700,1532314546733,33,10.10.21.2
disparityBoltSub,932,8,1532314546700,1532314546734,34,10.10.21.4
disparityBoltSub,932,9,1532314546700,1532314546733,33,10.10.21.1
disparityBoltSub,932,10,1532314546701,1532314546730,29,10.10.21.5
disparityBoltSub,932,11,1532314546701,1532314546733,32,10.10.21.2
disparityBoltSub,932,12,1532314546702,1532314546732,30,10.10.21.4
disparityBoltSub,932,13,1532314546702,1532314546733,31,10.10.21.6
disparityBoltSub,932,14,1532314546702,1532314546732,30,10.10.21.7
disparityBoltSub,932,15,1532314546702,1532314546719,17,10.10.21.6
disparityBolt,932,0,0,0,38,0
mergeBolt,932,0,1532314546736,1532314546740,4,10.10.21.6
reprojectionBolt,932,0,1532314546740,1532314546749,9,null
overall,932,0,1532314546667,1532314546749,82,0
videoSpout,933,0,1532314546770,1532314546772,2,10.10.21.1
rectificationBolt,933,0,1532314546780,1532314546789,9,10.10.21.4
partitionBolt,933,0,1532314546789,1532314546793,4,10.10.21.4
disparityBoltSub,933,0,1532314546797,1532314546813,16,10.10.21.5
disparityBoltSub,933,1,1532314546798,1532314546832,34,10.10.21.5
disparityBoltSub,933,2,1532314546798,1532314546831,33,10.10.21.5
disparityBoltSub,933,3,1532314546798,1532314546833,35,10.10.21.3
disparityBoltSub,933,4,1532314546799,1532314546832,33,10.10.21.7
disparityBoltSub,933,5,1532314546800,1532314546832,32,10.10.21.7
disparityBoltSub,933,6,1532314546799,1532314546832,33,10.10.21.6
disparityBoltSub,933,7,1532314546800,1532314546836,36,10.10.21.1
disparityBoltSub,933,8,1532314546800,1532314546833,33,10.10.21.7
disparityBoltSub,933,9,1532314546802,1532314546834,32,10.10.21.7
disparityBoltSub,933,10,1532314546801,1532314546832,31,10.10.21.7
disparityBoltSub,933,11,1532314546801,1532314546831,30,10.10.21.2
disparityBoltSub,933,12,1532314546802,1532314546833,31,10.10.21.5
disparityBoltSub,933,13,1532314546804,1532314546835,31,10.10.21.3
disparityBoltSub,933,14,1532314546804,1532314546833,29,10.10.21.7
disparityBoltSub,933,15,1532314546804,1532314546820,16,10.10.21.5
disparityBolt,933,0,0,0,39,0
mergeBolt,933,0,1532314546837,1532314546840,3,10.10.21.7
reprojectionBolt,933,0,1532314546840,1532314546851,11,null
overall,933,0,1532314546770,1532314546851,81,0
videoSpout,934,0,1532314546873,1532314546875,2,10.10.21.1
rectificationBolt,934,0,1532314546882,1532314546891,9,10.10.21.1
partitionBolt,934,0,1532314546891,1532314546897,6,10.10.21.1
disparityBoltSub,934,0,1532314546899,1532314546916,17,10.10.21.5
disparityBoltSub,934,1,1532314546901,1532314546935,34,10.10.21.5
disparityBoltSub,934,2,1532314546902,1532314546938,36,10.10.21.3
disparityBoltSub,934,3,1532314546900,1532314546933,33,10.10.21.5
disparityBoltSub,934,4,1532314546902,1532314546936,34,10.10.21.5
disparityBoltSub,934,5,1532314546902,1532314546934,32,10.10.21.4
disparityBoltSub,934,6,1532314546902,1532314546935,33,10.10.21.6
disparityBoltSub,934,7,1532314546903,1532314546940,37,10.10.21.3
disparityBoltSub,934,8,1532314546903,1532314546940,37,10.10.21.1
disparityBoltSub,934,9,1532314546904,1532314546935,31,10.10.21.5
disparityBoltSub,934,10,1532314546905,1532314546935,30,10.10.21.7
disparityBoltSub,934,11,1532314546904,1532314546935,31,10.10.21.5
disparityBoltSub,934,12,1532314546905,1532314546936,31,10.10.21.2
disparityBoltSub,934,13,1532314546905,1532314546938,33,10.10.21.3
disparityBoltSub,934,14,1532314546905,1532314546935,30,10.10.21.5
disparityBoltSub,934,15,1532314546906,1532314546922,16,10.10.21.2
disparityBolt,934,0,0,0,41,0
mergeBolt,934,0,1532314546942,1532314546945,3,10.10.21.5
reprojectionBolt,934,0,1532314546945,1532314546956,11,null
overall,934,0,1532314546873,1532314546956,83,0
videoSpout,935,0,1532314546975,1532314546977,2,10.10.21.1
rectificationBolt,935,0,1532314546983,1532314546993,10,10.10.21.7
partitionBolt,935,0,1532314546993,1532314546998,5,10.10.21.7
disparityBoltSub,935,0,1532314547001,1532314547018,17,10.10.21.1
disparityBoltSub,935,1,1532314547002,1532314547036,34,10.10.21.4
disparityBoltSub,935,2,1532314547002,1532314547035,33,10.10.21.4
disparityBoltSub,935,3,1532314547001,1532314547034,33,10.10.21.5
disparityBoltSub,935,4,1532314547003,1532314547037,34,10.10.21.5
disparityBoltSub,935,5,1532314547003,1532314547036,33,10.10.21.6
disparityBoltSub,935,6,1532314547003,1532314547036,33,10.10.21.7
disparityBoltSub,935,7,1532314547004,1532314547038,34,10.10.21.6
disparityBoltSub,935,8,1532314547005,1532314547037,32,10.10.21.5
disparityBoltSub,935,9,1532314547006,1532314547039,33,10.10.21.1
disparityBoltSub,935,10,1532314547003,1532314547033,30,10.10.21.7
disparityBoltSub,935,11,1532314547006,1532314547036,30,10.10.21.6
disparityBoltSub,935,12,1532314547005,1532314547038,33,10.10.21.7
disparityBoltSub,935,13,1532314547006,1532314547038,32,10.10.21.1
disparityBoltSub,935,14,1532314547007,1532314547038,31,10.10.21.2
disparityBoltSub,935,15,1532314547007,1532314547023,16,10.10.21.4
disparityBolt,935,0,0,0,38,0
mergeBolt,935,0,1532314547041,1532314547045,4,10.10.21.3
reprojectionBolt,935,0,1532314547045,1532314547055,10,null
overall,935,0,1532314546975,1532314547055,80,0
videoSpout,936,0,1532314547077,1532314547079,2,10.10.21.1
rectificationBolt,936,0,1532314547086,1532314547095,9,10.10.21.4
partitionBolt,936,0,1532314547095,1532314547101,6,10.10.21.4
disparityBoltSub,936,0,1532314547104,1532314547120,16,10.10.21.5
disparityBoltSub,936,1,1532314547106,1532314547141,35,10.10.21.6
disparityBoltSub,936,2,1532314547105,1532314547139,34,10.10.21.4
disparityBoltSub,936,3,1532314547105,1532314547138,33,10.10.21.6
disparityBoltSub,936,4,1532314547107,1532314547142,35,10.10.21.3
disparityBoltSub,936,5,1532314547105,1532314547138,33,10.10.21.5
disparityBoltSub,936,6,1532314547107,1532314547140,33,10.10.21.2
disparityBoltSub,936,7,1532314547105,1532314547140,35,10.10.21.4
disparityBoltSub,936,8,1532314547107,1532314547140,33,10.10.21.7
disparityBoltSub,936,9,1532314547107,1532314547139,32,10.10.21.2
disparityBoltSub,936,10,1532314547108,1532314547140,32,10.10.21.1
disparityBoltSub,936,11,1532314547108,1532314547140,32,10.10.21.4
disparityBoltSub,936,12,1532314547108,1532314547139,31,10.10.21.6
disparityBoltSub,936,13,1532314547109,1532314547141,32,10.10.21.3
disparityBoltSub,936,14,1532314547112,1532314547144,32,10.10.21.3
disparityBoltSub,936,15,1532314547109,1532314547126,17,10.10.21.5
disparityBolt,936,0,0,0,40,0
mergeBolt,936,0,1532314547146,1532314547150,4,10.10.21.1
reprojectionBolt,936,0,1532314547150,1532314547160,10,null
overall,936,0,1532314547077,1532314547160,83,0
videoSpout,937,0,1532314547179,1532314547182,3,10.10.21.1
rectificationBolt,937,0,1532314547189,1532314547197,8,10.10.21.2
partitionBolt,937,0,1532314547197,1532314547213,16,10.10.21.2
disparityBoltSub,937,0,1532314547216,1532314547234,18,10.10.21.2
disparityBoltSub,937,1,1532314547216,1532314547251,35,10.10.21.2
disparityBoltSub,937,2,1532314547217,1532314547253,36,10.10.21.1
disparityBoltSub,937,3,1532314547218,1532314547250,32,10.10.21.7
disparityBoltSub,937,4,1532314547217,1532314547252,35,10.10.21.1
disparityBoltSub,937,5,1532314547218,1532314547253,35,10.10.21.1
disparityBoltSub,937,6,1532314547219,1532314547252,33,10.10.21.5
disparityBoltSub,937,7,1532314547219,1532314547251,32,10.10.21.5
disparityBoltSub,937,8,1532314547220,1532314547255,35,10.10.21.7
disparityBoltSub,937,9,1532314547220,1532314547250,30,10.10.21.2
disparityBoltSub,937,10,1532314547220,1532314547249,29,10.10.21.4
disparityBoltSub,937,11,1532314547222,1532314547252,30,10.10.21.5
disparityBoltSub,937,12,1532314547222,1532314547254,32,10.10.21.1
disparityBoltSub,937,13,1532314547222,1532314547251,29,10.10.21.7
disparityBoltSub,937,14,1532314547222,1532314547252,30,10.10.21.2
disparityBoltSub,937,15,1532314547224,1532314547240,16,10.10.21.7
disparityBolt,937,0,0,0,39,0
mergeBolt,937,0,1532314547256,1532314547259,3,10.10.21.2
reprojectionBolt,937,0,1532314547259,1532314547269,10,null
overall,937,0,1532314547179,1532314547269,90,0
videoSpout,938,0,1532314547282,1532314547285,3,10.10.21.1
rectificationBolt,938,0,1532314547291,1532314547304,13,10.10.21.7
partitionBolt,938,0,1532314547304,1532314547307,3,10.10.21.7
disparityBoltSub,938,0,1532314547310,1532314547327,17,10.10.21.2
disparityBoltSub,938,1,1532314547312,1532314547345,33,10.10.21.6
disparityBoltSub,938,2,1532314547313,1532314547348,35,10.10.21.4
disparityBoltSub,938,3,1532314547312,1532314547347,35,10.10.21.1
disparityBoltSub,938,4,1532314547312,1532314547346,34,10.10.21.6
disparityBoltSub,938,5,1532314547313,1532314547346,33,10.10.21.6
disparityBoltSub,938,6,1532314547314,1532314547347,33,10.10.21.6
disparityBoltSub,938,7,1532314547314,1532314547347,33,10.10.21.4
disparityBoltSub,938,8,1532314547314,1532314547347,33,10.10.21.2
disparityBoltSub,938,9,1532314547314,1532314547346,32,10.10.21.6
disparityBoltSub,938,10,1532314547315,1532314547346,31,10.10.21.6
disparityBoltSub,938,11,1532314547315,1532314547347,32,10.10.21.5
disparityBoltSub,938,12,1532314547315,1532314547346,31,10.10.21.2
disparityBoltSub,938,13,1532314547315,1532314547345,30,10.10.21.5
disparityBoltSub,938,14,1532314547315,1532314547346,31,10.10.21.1
disparityBoltSub,938,15,1532314547316,1532314547332,16,10.10.21.5
disparityBolt,938,0,0,0,38,0
mergeBolt,938,0,1532314547350,1532314547353,3,10.10.21.4
reprojectionBolt,938,0,1532314547354,1532314547364,10,null
overall,938,0,1532314547282,1532314547364,82,0
videoSpout,939,0,1532314547385,1532314547387,2,10.10.21.1
rectificationBolt,939,0,1532314547394,1532314547404,10,10.10.21.6
partitionBolt,939,0,1532314547404,1532314547410,6,10.10.21.6
disparityBoltSub,939,0,1532314547411,1532314547428,17,10.10.21.6
disparityBoltSub,939,1,1532314547412,1532314547447,35,10.10.21.4
disparityBoltSub,939,2,1532314547415,1532314547451,36,10.10.21.1
disparityBoltSub,939,3,1532314547414,1532314547447,33,10.10.21.7
disparityBoltSub,939,4,1532314547414,1532314547449,35,10.10.21.1
disparityBoltSub,939,5,1532314547415,1532314547448,33,10.10.21.7
disparityBoltSub,939,6,1532314547415,1532314547448,33,10.10.21.5
disparityBoltSub,939,7,1532314547415,1532314547449,34,10.10.21.5
disparityBoltSub,939,8,1532314547417,1532314547451,34,10.10.21.2
disparityBoltSub,939,9,1532314547415,1532314547446,31,10.10.21.4
disparityBoltSub,939,10,1532314547415,1532314547445,30,10.10.21.4
disparityBoltSub,939,11,1532314547417,1532314547451,34,10.10.21.3
disparityBoltSub,939,12,1532314547417,1532314547449,32,10.10.21.4
disparityBoltSub,939,13,1532314547418,1532314547451,33,10.10.21.4
disparityBoltSub,939,14,1532314547418,1532314547450,32,10.10.21.3
disparityBoltSub,939,15,1532314547418,1532314547434,16,10.10.21.5
disparityBolt,939,0,0,0,40,0
mergeBolt,939,0,1532314547454,1532314547457,3,10.10.21.6
reprojectionBolt,939,0,1532314547457,1532314547468,11,null
overall,939,0,1532314547385,1532314547468,83,0
videoSpout,940,0,1532314547487,1532314547490,3,10.10.21.1
rectificationBolt,940,0,1532314547498,1532314547509,11,10.10.21.2
partitionBolt,940,0,1532314547509,1532314547513,4,10.10.21.2
disparityBoltSub,940,0,1532314547518,1532314547535,17,10.10.21.6
disparityBoltSub,940,1,1532314547517,1532314547551,34,10.10.21.4
disparityBoltSub,940,2,1532314547517,1532314547554,37,10.10.21.1
disparityBoltSub,940,3,1532314547517,1532314547550,33,10.10.21.5
disparityBoltSub,940,4,1532314547517,1532314547552,35,10.10.21.1
disparityBoltSub,940,5,1532314547519,1532314547551,32,10.10.21.4
disparityBoltSub,940,6,1532314547521,1532314547557,36,10.10.21.3
disparityBoltSub,940,7,1532314547517,1532314547551,34,10.10.21.2
disparityBoltSub,940,8,1532314547520,1532314547553,33,10.10.21.7
disparityBoltSub,940,9,1532314547518,1532314547549,31,10.10.21.6
disparityBoltSub,940,10,1532314547520,1532314547550,30,10.10.21.4
disparityBoltSub,940,11,1532314547521,1532314547552,31,10.10.21.4
disparityBoltSub,940,12,1532314547520,1532314547552,32,10.10.21.4
disparityBoltSub,940,13,1532314547520,1532314547567,47,10.10.21.3
disparityBoltSub,940,14,1532314547520,1532314547549,29,10.10.21.6
disparityBoltSub,940,15,1532314547519,1532314547537,18,10.10.21.6
disparityBolt,940,0,0,0,50,0
mergeBolt,940,0,1532314547569,1532314547572,3,10.10.21.7
reprojectionBolt,940,0,1532314547572,1532314547582,10,null
overall,940,0,1532314547487,1532314547582,95,0
videoSpout,941,0,1532314547590,1532314547591,1,10.10.21.1
rectificationBolt,941,0,1532314547597,1532314547605,8,10.10.21.2
partitionBolt,941,0,1532314547605,1532314547610,5,10.10.21.2
disparityBoltSub,941,0,1532314547613,1532314547631,18,10.10.21.4
disparityBoltSub,941,1,1532314547613,1532314547647,34,10.10.21.7
disparityBoltSub,941,2,1532314547613,1532314547647,34,10.10.21.2
disparityBoltSub,941,3,1532314547615,1532314547650,35,10.10.21.2
disparityBoltSub,941,4,1532314547614,1532314547646,32,10.10.21.5
disparityBoltSub,941,5,1532314547614,1532314547646,32,10.10.21.6
disparityBoltSub,941,6,1532314547614,1532314547648,34,10.10.21.2
disparityBoltSub,941,7,1532314547617,1532314547653,36,10.10.21.1
disparityBoltSub,941,8,1532314547616,1532314547652,36,10.10.21.3
disparityBoltSub,941,9,1532314547615,1532314547646,31,10.10.21.5
disparityBoltSub,941,10,1532314547616,1532314547656,40,10.10.21.3
disparityBoltSub,941,11,1532314547615,1532314547649,34,10.10.21.6
disparityBoltSub,941,12,1532314547617,1532314547647,30,10.10.21.7
disparityBoltSub,941,13,1532314547618,1532314547655,37,10.10.21.1
disparityBoltSub,941,14,1532314547617,1532314547647,30,10.10.21.5
disparityBoltSub,941,15,1532314547617,1532314547635,18,10.10.21.3
disparityBolt,941,0,0,0,43,0
mergeBolt,941,0,1532314547658,1532314547661,3,10.10.21.5
reprojectionBolt,941,0,1532314547661,1532314547672,11,null
overall,941,0,1532314547590,1532314547672,82,0
videoSpout,942,0,1532314547691,1532314547693,2,10.10.21.1
rectificationBolt,942,0,1532314547701,1532314547712,11,10.10.21.7
partitionBolt,942,0,1532314547712,1532314547718,6,10.10.21.7
disparityBoltSub,942,0,1532314547721,1532314547738,17,10.10.21.7
disparityBoltSub,942,1,1532314547722,1532314547756,34,10.10.21.6
disparityBoltSub,942,2,1532314547722,1532314547756,34,10.10.21.6
disparityBoltSub,942,3,1532314547724,1532314547758,34,10.10.21.2
disparityBoltSub,942,4,1532314547724,1532314547760,36,10.10.21.1
disparityBoltSub,942,5,1532314547724,1532314547758,34,10.10.21.7
disparityBoltSub,942,6,1532314547726,1532314547763,37,10.10.21.1
disparityBoltSub,942,7,1532314547727,1532314547760,33,10.10.21.2
disparityBoltSub,942,8,1532314547727,1532314547761,34,10.10.21.1
disparityBoltSub,942,9,1532314547727,1532314547758,31,10.10.21.6
disparityBoltSub,942,10,1532314547728,1532314547758,30,10.10.21.5
disparityBoltSub,942,11,1532314547728,1532314547762,34,10.10.21.3
disparityBoltSub,942,12,1532314547730,1532314547778,48,10.10.21.3
disparityBoltSub,942,13,1532314547731,1532314547767,36,10.10.21.3
disparityBoltSub,942,14,1532314547731,1532314547761,30,10.10.21.7
disparityBoltSub,942,15,1532314547733,1532314547750,17,10.10.21.6
disparityBolt,942,0,0,0,57,0
mergeBolt,942,0,1532314547781,1532314547784,3,10.10.21.3
reprojectionBolt,942,0,1532314547784,1532314547795,11,null
overall,942,0,1532314547691,1532314547795,104,0
videoSpout,943,0,1532314547793,1532314547794,1,10.10.21.1
rectificationBolt,943,0,1532314547803,1532314547811,8,10.10.21.1
partitionBolt,943,0,1532314547812,1532314547817,5,10.10.21.1
disparityBoltSub,943,0,1532314547820,1532314547837,17,10.10.21.4
disparityBoltSub,943,1,1532314547820,1532314547855,35,10.10.21.4
disparityBoltSub,943,2,1532314547821,1532314547858,37,10.10.21.1
disparityBoltSub,943,3,1532314547822,1532314547861,39,10.10.21.1
disparityBoltSub,943,4,1532314547822,1532314547855,33,10.10.21.2
disparityBoltSub,943,5,1532314547823,1532314547857,34,10.10.21.6
disparityBoltSub,943,6,1532314547823,1532314547856,33,10.10.21.7
disparityBoltSub,943,7,1532314547823,1532314547857,34,10.10.21.2
disparityBoltSub,943,8,1532314547825,1532314547859,34,10.10.21.7
disparityBoltSub,943,9,1532314547824,1532314547857,33,10.10.21.3
disparityBoltSub,943,10,1532314547825,1532314547854,29,10.10.21.6
disparityBoltSub,943,11,1532314547826,1532314547857,31,10.10.21.5
disparityBoltSub,943,12,1532314547827,1532314547861,34,10.10.21.1
disparityBoltSub,943,13,1532314547827,1532314547859,32,10.10.21.3
disparityBoltSub,943,14,1532314547827,1532314547858,31,10.10.21.3
disparityBoltSub,943,15,1532314547827,1532314547843,16,10.10.21.6
disparityBolt,943,0,0,0,41,0
mergeBolt,943,0,1532314547863,1532314547866,3,10.10.21.1
reprojectionBolt,943,0,1532314547867,1532314547878,11,null
overall,943,0,1532314547793,1532314547878,85,0
videoSpout,944,0,1532314547895,1532314547896,1,10.10.21.1
rectificationBolt,944,0,1532314547901,1532314547908,7,10.10.21.4
partitionBolt,944,0,1532314547909,1532314547914,5,10.10.21.4
disparityBoltSub,944,0,1532314547917,1532314547935,18,10.10.21.1
disparityBoltSub,944,1,1532314547918,1532314547951,33,10.10.21.6
disparityBoltSub,944,2,1532314547918,1532314547954,36,10.10.21.1
disparityBoltSub,944,3,1532314547919,1532314547954,35,10.10.21.5
disparityBoltSub,944,4,1532314547916,1532314547975,59,10.10.21.4
disparityBoltSub,944,5,1532314547919,1532314547952,33,10.10.21.3
disparityBoltSub,944,6,1532314547919,1532314547979,60,10.10.21.2
disparityBoltSub,944,7,1532314547920,1532314547953,33,10.10.21.5
disparityBoltSub,944,8,1532314547920,1532314547956,36,10.10.21.1
disparityBoltSub,944,9,1532314547920,1532314547977,57,10.10.21.4
disparityBoltSub,944,10,1532314547922,1532314547978,56,10.10.21.2
disparityBoltSub,944,11,1532314547921,1532314547955,34,10.10.21.1
disparityBoltSub,944,12,1532314547921,1532314547953,32,10.10.21.5
disparityBoltSub,944,13,1532314547923,1532314547953,30,10.10.21.6
disparityBoltSub,944,14,1532314547923,1532314547953,30,10.10.21.6
disparityBoltSub,944,15,1532314547922,1532314547939,17,10.10.21.2
disparityBolt,944,0,0,0,63,0
mergeBolt,944,0,1532314547980,1532314547983,3,10.10.21.2
reprojectionBolt,944,0,1532314547983,1532314547993,10,null
overall,944,0,1532314547895,1532314547993,98,0
